month,month_label,feature,category,regime_rank,regime_label,target_regime_left_q,target_regime_right_q,count,regime_feature_mean,regime_feature_median,regime_feature_std,regime_feature_mean_minus_global,regime_feature_mean_zscore
APRIL_16,April 2016,cpm25,meteorology_or_target,0,clean_p00_50,0.0,0.5,357,19.778674454248254,19.807777404785156,1.3863753025292385,-2.630091071836379,-0.7253341683412006
APRIL_16,April 2016,cpm25,meteorology_or_target,1,moderate_p50_75,0.5,0.75,179,22.85426029013522,22.750652313232422,0.6944116498270302,0.4454947640505864,0.12285984224773414
APRIL_16,April 2016,cpm25,meteorology_or_target,2,elevated_p75_90,0.75,0.9,107,25.056116014997535,24.825349807739258,0.7134905328902468,2.6473504889129025,0.7300940206008082
APRIL_16,April 2016,cpm25,meteorology_or_target,3,high_p90_97_5,0.9,0.975,54,28.790367091143573,28.75735378265381,1.3524852120532578,6.38160156505894,1.7599366476100844
APRIL_16,April 2016,cpm25,meteorology_or_target,4,extreme_p97_5_100,0.975,1.0,18,35.260207917955185,35.10308074951172,1.6374472710920411,12.851442391870552,3.5442081755685244
APRIL_16,April 2016,q2,meteorology_or_target,0,clean_p00_50,0.0,0.5,357,0.010285483143639331,0.01030398067086935,0.0003935411818999937,-7.553893651868898e-05,-0.18919864444169412
APRIL_16,April 2016,q2,meteorology_or_target,1,moderate_p50_75,0.5,0.75,179,0.010498056583647622,0.010408563539385796,0.00039877968726279,0.00013703450348960186,0.34322355459106546
APRIL_16,April 2016,q2,meteorology_or_target,2,elevated_p75_90,0.75,0.9,107,0.010504623666127151,0.010376038029789925,0.00040825710655163793,0.000143601585969131,0.35967180181726666
APRIL_16,April 2016,q2,meteorology_or_target,3,high_p90_97_5,0.9,0.975,54,0.010168693821739268,0.010145844891667366,0.00020629779150345445,-0.00019232825841875197,-0.4817150923438928
APRIL_16,April 2016,q2,meteorology_or_target,4,extreme_p97_5_100,0.975,1.0,18,0.010219832106182972,0.010226875077933073,8.376381349036282e-05,-0.00014118997397504808,-0.3536315563329139
APRIL_16,April 2016,t2,meteorology_or_target,0,clean_p00_50,0.0,0.5,357,294.72494489739256,295.5599060058594,2.676191823816981,1.644019109313433,0.5465360555202116
APRIL_16,April 2016,t2,meteorology_or_target,1,moderate_p50_75,0.5,0.75,179,291.6776719759296,291.1720886230469,2.359667545591008,-1.4032538121495008,-0.4664962828237252
APRIL_16,April 2016,t2,meteorology_or_target,2,elevated_p75_90,0.75,0.9,107,290.96080601772417,290.5478515625,1.958876194911283,-2.120119770354961,-0.7048104793648758
APRIL_16,April 2016,t2,meteorology_or_target,3,high_p90_97_5,0.9,0.975,54,291.66148772063076,290.7944641113281,2.9386275571672287,-1.4194380674483682,-0.4718765603414658
APRIL_16,April 2016,t2,meteorology_or_target,4,extreme_p97_5_100,0.975,1.0,18,291.2903747558594,291.2165832519531,2.0333746552370466,-1.7905510322197529,-0.5952489802662362
APRIL_16,April 2016,u10,meteorology_or_target,0,clean_p00_50,0.0,0.5,357,2.4381061051072193,2.399245023727417,0.7788028377706768,0.29466691315226656,0.3602630483109798
APRIL_16,April 2016,u10,meteorology_or_target,1,moderate_p50_75,0.5,0.75,179,1.7518444201133772,1.604717493057251,0.7135204606085014,-0.39159477184157554,-0.4787681273648402
APRIL_16,April 2016,u10,meteorology_or_target,2,elevated_p75_90,0.75,0.9,107,1.5964722750342895,1.5559890270233154,0.6053062000878273,-0.5469669169206632,-0.6687278415723306
APRIL_16,April 2016,u10,meteorology_or_target,3,high_p90_97_5,0.9,0.975,54,2.525546917208919,2.424867033958435,0.7556475786088839,0.3821077252539662,0.4671691585951287
APRIL_16,April 2016,u10,meteorology_or_target,4,extreme_p97_5_100,0.975,1.0,18,2.298495809237162,2.128292441368103,0.3209744090232594,0.15505661728220943,0.18957394641050845
APRIL_16,April 2016,v10,meteorology_or_target,0,clean_p00_50,0.0,0.5,357,0.30770385161432545,0.3233290910720825,0.295726476303733,0.05556262868064532,0.18508694182243685
APRIL_16,April 2016,v10,meteorology_or_target,1,moderate_p50_75,0.5,0.75,179,0.27120361130882326,0.3200596272945404,0.2991749095845593,0.019062388375143124,0.06349950050897833
APRIL_16,April 2016,v10,meteorology_or_target,2,elevated_p75_90,0.75,0.9,107,0.21380045977377585,0.2677065432071686,0.2719838928011753,-0.038340763159904284,-0.12771848216887882
APRIL_16,April 2016,v10,meteorology_or_target,3,high_p90_97_5,0.9,0.975,54,-0.014095218300267501,-0.030847424641251564,0.21603675495478045,-0.26623644123394763,-0.8868710836722057
APRIL_16,April 2016,v10,meteorology_or_target,4,extreme_p97_5_100,0.975,1.0,18,-0.012791914477323493,0.016735246405005455,0.13763188569280185,-0.2649331374110036,-0.8825295950748847
APRIL_16,April 2016,swdown,meteorology_or_target,0,clean_p00_50,0.0,0.5,357,454.12517394689826,515.1466674804688,357.9439154186839,169.19999884827547,0.4928141760351345
APRIL_16,April 2016,swdown,meteorology_or_target,1,moderate_p50_75,0.5,0.75,179,128.19592933857695,0.0,225.01635750696522,-156.72924576004584,-0.4564916940638166
APRIL_16,April 2016,swdown,meteorology_or_target,2,elevated_p75_90,0.75,0.9,107,80.83872966237061,0.0,198.5373324936673,-204.08644543625218,-0.5944249062187931
APRIL_16,April 2016,swdown,meteorology_or_target,3,high_p90_97_5,0.9,0.975,54,173.43227170767435,0.02054912899620831,281.41260930257863,-111.49290339094844,-0.32473571922211114
APRIL_16,April 2016,swdown,meteorology_or_target,4,extreme_p97_5_100,0.975,1.0,18,35.36972215440538,0.0,81.40467196175454,-249.5554529442174,-0.7268585446508279
APRIL_16,April 2016,pblh,meteorology_or_target,0,clean_p00_50,0.0,0.5,357,1203.1411838050649,1324.9349365234375,498.9661306635955,270.95231717242996,0.5181947840133947
APRIL_16,April 2016,pblh,meteorology_or_target,1,moderate_p50_75,0.5,0.75,179,673.2342771391628,502.5280456542969,383.5327328502574,-258.9545894934721,-0.4952491972469505
APRIL_16,April 2016,pblh,meteorology_or_target,2,elevated_p75_90,0.75,0.9,107,580.6955902955242,432.30523681640625,312.21447656113287,-351.49327633711073,-0.6722289158271237
APRIL_16,April 2016,pblh,meteorology_or_target,3,high_p90_97_5,0.9,0.975,54,771.6410765471281,492.86676025390625,496.4039072766976,-160.5477900855068,-0.30704674636254525
APRIL_16,April 2016,pblh,meteorology_or_target,4,extreme_p97_5_100,0.975,1.0,18,704.5363956027561,481.03733825683594,392.7347847506885,-227.65247102987882,-0.43538407158323134
APRIL_16,April 2016,psfc,meteorology_or_target,0,clean_p00_50,0.0,0.5,357,87880.24428834034,87905.75,149.01565565846826,-20.42404644987255,-0.14747405558661275
APRIL_16,April 2016,psfc,meteorology_or_target,1,moderate_p50_75,0.5,0.75,179,87913.35522870111,87925.96875,105.40059747230227,12.686893910897197,0.09160710158141985
APRIL_16,April 2016,psfc,meteorology_or_target,2,elevated_p75_90,0.75,0.9,107,87982.27482476635,87971.953125,118.40568280464889,81.60648997614044,0.589248563868439
APRIL_16,April 2016,psfc,meteorology_or_target,3,high_p90_97_5,0.9,0.975,54,87841.28978587964,87806.984375,141.8853974703802,-59.37854891057941,-0.42874929041036514
APRIL_16,April 2016,psfc,meteorology_or_target,4,extreme_p97_5_100,0.975,1.0,18,87872.61154513889,87900.64453125,80.18399517470698,-28.056789651323925,-0.2025871105795035
APRIL_16,April 2016,rain,meteorology_or_target,0,clean_p00_50,0.0,0.5,357,0.03596877398299372,0.026671072468161583,0.11727317154115378,0.006426174770302842,0.07678443289285498
APRIL_16,April 2016,rain,meteorology_or_target,1,moderate_p50_75,0.5,0.75,179,0.024104673304210036,0.027354583144187927,0.014366626031446103,-0.005437925908480839,-0.06497614396136116
APRIL_16,April 2016,rain,meteorology_or_target,2,elevated_p75_90,0.75,0.9,107,0.026888572985184527,0.02626601979136467,0.014409825925403408,-0.0026540262275063474,-0.03171216252997029
APRIL_16,April 2016,rain,meteorology_or_target,3,high_p90_97_5,0.9,0.975,54,0.01594171201792994,0.013441672082990408,0.007242561508770951,-0.013600887194760936,-0.1625129174692826
APRIL_16,April 2016,rain,meteorology_or_target,4,extreme_p97_5_100,0.975,1.0,18,0.012746658072703414,0.011080143507570028,0.004298659287313733,-0.01679594113998746,-0.20068965775652756
APRIL_16,April 2016,PM25,emission,0,clean_p00_50,0.0,0.5,357,6.666733245636736e-11,5.564712776681377e-11,4.8713342655059994e-11,1.1571919753335486e-11,0.2017410266730383
APRIL_16,April 2016,PM25,emission,1,moderate_p50_75,0.5,0.75,179,3.6010309300806955e-11,2.3223321094870032e-11,4.2270055458199503e-11,-1.9085103402224915e-11,-0.3327233887373058
APRIL_16,April 2016,PM25,emission,2,elevated_p75_90,0.75,0.9,107,3.9934084719368105e-11,2.328102561738956e-11,6.576624835399227e-11,-1.5161327983663765e-11,-0.2643175841475539
APRIL_16,April 2016,PM25,emission,3,high_p90_97_5,0.9,0.975,54,7.764342148005961e-11,2.7514251563416508e-11,1.0040821919824428e-10,2.2548008777027743e-11,0.39309453721359366
APRIL_16,April 2016,PM25,emission,4,extreme_p97_5_100,0.975,1.0,18,3.785806700025489e-11,3.158773901717798e-11,2.0935550923816457e-11,-1.723734570277698e-11,-0.3005101913357086
APRIL_16,April 2016,NH3,emission,0,clean_p00_50,0.0,0.5,357,3.674763006929419e-11,3.498731972731573e-11,7.631598902231726e-12,1.9062670226627907e-12,0.21550942685543012
APRIL_16,April 2016,NH3,emission,1,moderate_p50_75,0.5,0.75,179,3.182071862664001e-11,2.9844088853563427e-11,6.532515293625346e-12,-3.0206444199913883e-12,-0.3414932640323768
APRIL_16,April 2016,NH3,emission,2,elevated_p75_90,0.75,0.9,107,3.2346424273706414e-11,2.987322451708872e-11,9.86347901120491e-12,-2.4949387729249863e-12,-0.28206060252848814
APRIL_16,April 2016,NH3,emission,3,high_p90_97_5,0.9,0.975,54,3.8118856936879643e-11,3.049044854821324e-11,1.5274113151360722e-11,3.277493890248243e-12,0.370530896989933
APRIL_16,April 2016,NH3,emission,4,extreme_p97_5_100,0.975,1.0,18,3.207090764204314e-11,3.106833096391531e-11,3.2392856741566784e-12,-2.7704554045882594e-12,-0.3132086162500653
APRIL_16,April 2016,SO2,emission,0,clean_p00_50,0.0,0.5,357,3.7747874767428594e-11,3.704581502624893e-11,3.033279211150868e-12,7.726365059478755e-13,0.22311659538414538
APRIL_16,April 2016,SO2,emission,1,moderate_p50_75,0.5,0.75,179,3.5765516380327635e-11,3.500821200771229e-11,2.4918934371566968e-12,-1.2097218811530832e-12,-0.3493350694754625
APRIL_16,April 2016,SO2,emission,2,elevated_p75_90,0.75,0.9,107,3.596177837390593e-11,3.5002824671344745e-11,3.773816069581925e-12,-1.0134598875747863e-12,-0.2926598962557172
APRIL_16,April 2016,SO2,emission,3,high_p90_97_5,0.9,0.975,54,3.824706560233271e-11,3.523959000787434e-11,5.978586308085128e-12,1.2718273408519922e-12,0.3672694520940889
APRIL_16,April 2016,SO2,emission,4,extreme_p97_5_100,0.975,1.0,18,3.5890266909675545e-11,3.54699801379114e-11,1.3013001447260408e-12,-1.084971351805173e-12,-0.31331047943058904
APRIL_16,April 2016,NOx,emission,0,clean_p00_50,0.0,0.5,357,5.4717296536845926e-11,5.0348326236774675e-11,1.9576820803149605e-11,4.360344612200885e-12,0.18363468740136435
APRIL_16,April 2016,NOx,emission,1,moderate_p50_75,0.5,0.75,179,4.28405720458461e-11,3.732460841364833e-11,1.7978815214086727e-11,-7.516379878798939e-12,-0.3165502253126863
APRIL_16,April 2016,NOx,emission,2,elevated_p75_90,0.75,0.9,107,4.473463201788166e-11,3.761891580686284e-11,2.8616634540670994e-11,-5.622319906763378e-12,-0.23678242211865683
APRIL_16,April 2016,NOx,emission,3,high_p90_97_5,0.9,0.975,54,5.992980630215906e-11,3.942881917207865e-11,4.1609018454263734e-11,9.572854377514018e-12,0.40315807063384024
APRIL_16,April 2016,NOx,emission,4,extreme_p97_5_100,0.975,1.0,18,4.332601111282411e-11,4.116691629261764e-11,8.19158299476075e-12,-7.030940811820929e-12,-0.2961060954915065
APRIL_16,April 2016,NMVOC_e,emission,0,clean_p00_50,0.0,0.5,357,4.1982337544324953e-11,4.198233754432494e-11,1.2924697071141057e-26,1.2924697071141057e-26,
APRIL_16,April 2016,NMVOC_e,emission,1,moderate_p50_75,0.5,0.75,179,4.1982337544324953e-11,4.198233754432494e-11,1.2924697071141057e-26,1.2924697071141057e-26,
APRIL_16,April 2016,NMVOC_e,emission,2,elevated_p75_90,0.75,0.9,107,4.198233754432494e-11,4.198233754432494e-11,0.0,0.0,
APRIL_16,April 2016,NMVOC_e,emission,3,high_p90_97_5,0.9,0.975,54,4.198233754432494e-11,4.198233754432494e-11,0.0,0.0,
APRIL_16,April 2016,NMVOC_e,emission,4,extreme_p97_5_100,0.975,1.0,18,4.1982337544324934e-11,4.198233754432494e-11,6.462348535570529e-27,-6.462348535570529e-27,
APRIL_16,April 2016,NMVOC_finn,emission,0,clean_p00_50,0.0,0.5,357,1.821010431129395e-09,1.3738342685698512e-09,1.8827731705171243e-09,4.54931769594142e-10,0.2039500158732181
APRIL_16,April 2016,NMVOC_finn,emission,1,moderate_p50_75,0.5,0.75,179,6.317123787717449e-10,1.1876762073814717e-10,1.709158155418335e-09,-7.343662827635081e-10,-0.3292230286752482
APRIL_16,April 2016,NMVOC_finn,emission,2,elevated_p75_90,0.75,0.9,107,7.727934431072965e-10,1.2860347509136005e-10,2.5664905982384714e-09,-5.932852184279564e-10,-0.2659751149577342
APRIL_16,April 2016,NMVOC_finn,emission,3,high_p90_97_5,0.9,0.975,54,2.200637210139119e-09,3.0206744050520484e-10,3.8461135128751075e-09,8.345585486038662e-10,0.37414012520324996
APRIL_16,April 2016,NMVOC_finn,emission,4,extreme_p97_5_100,0.975,1.0,18,6.692053069098e-10,4.431541245075721e-10,7.858770310445954e-10,-6.96873354625453e-10,-0.31241461079818594
APRIL_16,April 2016,bio,emission,0,clean_p00_50,0.0,0.5,357,1.1877395506770764e-10,1.208442512723451e-10,1.0034160428693805e-10,4.567028527723329e-11,0.48427706882601007
APRIL_16,April 2016,bio,emission,1,moderate_p50_75,0.5,0.75,179,2.92243264656916e-11,7.145008360193248e-15,5.6757607375856176e-11,-4.3879343324782745e-11,-0.4652863374586578
APRIL_16,April 2016,bio,emission,2,elevated_p75_90,0.75,0.9,107,1.9493497973191304e-11,5.933550075294626e-15,5.503703438563237e-11,-5.3610171817283046e-11,-0.5684697765589565
APRIL_16,April 2016,bio,emission,3,high_p90_97_5,0.9,0.975,54,4.5136208714559475e-11,7.865153230850012e-15,7.937159394820196e-11,-2.7967461075914872e-11,-0.29656044384512065
APRIL_16,April 2016,bio,emission,4,extreme_p97_5_100,0.975,1.0,18,6.250441663391779e-12,7.214051286273367e-15,1.510415657913798e-11,-6.685322812708257e-11,-0.7088960614633899
JULY_16,July 2016,cpm25,meteorology_or_target,0,clean_p00_50,0.0,0.5,369,12.968332453471858,13.175033569335938,1.1432673576489187,-2.3881863138888857,-0.7884192333884975
JULY_16,July 2016,cpm25,meteorology_or_target,1,moderate_p50_75,0.5,0.75,185,15.84489253791603,15.840860366821289,0.7063032218671119,0.4883737705552864,0.16122832274390284
JULY_16,July 2016,cpm25,meteorology_or_target,2,elevated_p75_90,0.75,0.9,111,18.304195764902477,18.124330520629883,0.6902971843082221,2.947676997541734,0.9731255996080088
JULY_16,July 2016,cpm25,meteorology_or_target,3,high_p90_97_5,0.9,0.975,55,20.991335157914595,21.076446533203125,0.7702611505008022,5.634816390553851,1.8602391250166537
JULY_16,July 2016,cpm25,meteorology_or_target,4,extreme_p97_5_100,0.975,1.0,19,23.450442665501644,23.420495986938477,0.9254321697826338,8.0939238981409,2.67207178843836
JULY_16,July 2016,q2,meteorology_or_target,0,clean_p00_50,0.0,0.5,369,0.015443098006976975,0.015628378838300705,0.0005767365970453321,-0.00013854728885350116,-0.2776250529235515
JULY_16,July 2016,q2,meteorology_or_target,1,moderate_p50_75,0.5,0.75,185,0.01565404658684054,0.01569419540464878,0.00035440361063009644,7.240129101006298e-05,0.14507979488257047
JULY_16,July 2016,q2,meteorology_or_target,2,elevated_p75_90,0.75,0.9,111,0.015755603358418017,0.01590188965201378,0.00034065032444915267,0.00017395806258754115,0.34858218253127626
JULY_16,July 2016,q2,meteorology_or_target,3,high_p90_97_5,0.9,0.975,55,0.015773562832989477,0.015949975699186325,0.0003805731558361256,0.0001919175371590011,0.38456989560484567
JULY_16,July 2016,q2,meteorology_or_target,4,extreme_p97_5_100,0.975,1.0,19,0.015995587467363005,0.016010290011763573,0.00016696467743386917,0.00041394217153252824,0.8294692608566616
JULY_16,July 2016,t2,meteorology_or_target,0,clean_p00_50,0.0,0.5,369,296.3539436981284,296.5371398925781,1.7458298292377605,0.2238449087222989,0.12614778749444738
JULY_16,July 2016,t2,meteorology_or_target,1,moderate_p50_75,0.5,0.75,185,296.02986714131123,295.73883056640625,1.8578321009753058,-0.10023164809484797,-0.05648554044073976
JULY_16,July 2016,t2,meteorology_or_target,2,elevated_p75_90,0.75,0.9,111,296.0715606964386,295.729736328125,1.7387878531720795,-0.05853809296746704,-0.032989139463302945
JULY_16,July 2016,t2,meteorology_or_target,3,high_p90_97_5,0.9,0.975,55,295.4846080433239,294.9378356933594,1.6634885342955712,-0.6454907460822028,-0.36376627876503687
JULY_16,July 2016,t2,meteorology_or_target,4,extreme_p97_5_100,0.975,1.0,19,294.9692463121916,294.9554443359375,0.5917133264240604,-1.160852477214462,-0.6541983574427613
JULY_16,July 2016,u10,meteorology_or_target,0,clean_p00_50,0.0,0.5,369,2.2363083131591157,2.352982521057129,0.8421824880189076,-0.2672509557813312,-0.3332725999273347
JULY_16,July 2016,u10,meteorology_or_target,1,moderate_p50_75,0.5,0.75,185,2.6318722492939717,2.6725027561187744,0.6385338163700467,0.12831298035352479,0.16001140367046518
JULY_16,July 2016,u10,meteorology_or_target,2,elevated_p75_90,0.75,0.9,111,2.948234640800201,2.986867666244507,0.7238118897626339,0.44467537185975425,0.5545279225291626
JULY_16,July 2016,u10,meteorology_or_target,3,high_p90_97_5,0.9,0.975,55,2.855112530968406,2.8587734699249268,0.5689745974800525,0.3515532620279589,0.4384009378243647
JULY_16,July 2016,u10,meteorology_or_target,4,extreme_p97_5_100,0.975,1.0,19,2.82899640735827,2.7559516429901123,0.31951340703425735,0.32543713841782296,0.40583309016175345
JULY_16,July 2016,v10,meteorology_or_target,0,clean_p00_50,0.0,0.5,369,1.329514543376964,1.255202054977417,0.4643111154242587,-0.027096466728623314,-0.06171394746968357
JULY_16,July 2016,v10,meteorology_or_target,1,moderate_p50_75,0.5,0.75,185,1.3629783844625627,1.36442232131958,0.4474636384160809,0.00636737435697543,0.014502105035380632
JULY_16,July 2016,v10,meteorology_or_target,2,elevated_p75_90,0.75,0.9,111,1.359788387476861,1.4809420108795166,0.35670961198116735,0.0031773773712737707,0.007236681525529413
JULY_16,July 2016,v10,meteorology_or_target,3,high_p90_97_5,0.9,0.975,55,1.379473621195013,1.4613088369369507,0.36527346302000985,0.022862611089425666,0.052071068671922974
JULY_16,July 2016,v10,meteorology_or_target,4,extreme_p97_5_100,0.975,1.0,19,1.7361109821419967,1.792553424835205,0.2679633380620559,0.3794999720364094,0.8643356188672822
JULY_16,July 2016,swdown,meteorology_or_target,0,clean_p00_50,0.0,0.5,369,278.0859224885857,225.37741088867188,270.30777126477454,52.88779783781203,0.2024182728915859
JULY_16,July 2016,swdown,meteorology_or_target,1,moderate_p50_75,0.5,0.75,185,203.4072559548391,32.62738800048828,255.9811010063766,-21.79086869593459,-0.08340052311811065
JULY_16,July 2016,swdown,meteorology_or_target,2,elevated_p75_90,0.75,0.9,111,174.21606053538133,4.999539852142334,236.36412842068177,-50.98206411539235,-0.1951244292366389
JULY_16,July 2016,swdown,meteorology_or_target,3,high_p90_97_5,0.9,0.975,55,110.7528574976054,1.3509232997894287,199.75843916519054,-114.44526715316827,-0.43801811126267226
JULY_16,July 2016,swdown,meteorology_or_target,4,extreme_p97_5_100,0.975,1.0,19,39.367183431198725,0.0,98.55090648209453,-185.83094121957495,-0.7112335871279366
JULY_16,July 2016,pblh,meteorology_or_target,0,clean_p00_50,0.0,0.5,369,866.2910304289201,877.4442749023438,286.8210534526229,60.837937226667236,0.21606873684872013
JULY_16,July 2016,pblh,meteorology_or_target,1,moderate_p50_75,0.5,0.75,185,780.8828692461993,682.3660888671875,272.187889335365,-24.570223956053496,-0.08726228232385891
JULY_16,July 2016,pblh,meteorology_or_target,2,elevated_p75_90,0.75,0.9,111,750.4885718543251,618.0098876953125,264.18070080641525,-54.96452134792776,-0.1952090297686092
JULY_16,July 2016,pblh,meteorology_or_target,3,high_p90_97_5,0.9,0.975,55,676.1080555308948,538.8117065429688,227.17805386261477,-129.345037671358,-0.45937486018263923
JULY_16,July 2016,pblh,meteorology_or_target,4,extreme_p97_5_100,0.975,1.0,19,558.6810688219572,538.4926147460938,51.56402111005086,-246.77202438029565,-0.8764222133106823
JULY_16,July 2016,psfc,meteorology_or_target,0,clean_p00_50,0.0,0.5,369,87724.88382876017,87738.0546875,157.7693426734286,42.14731827302603,0.2947763101193595
JULY_16,July 2016,psfc,meteorology_or_target,1,moderate_p50_75,0.5,0.75,185,87667.97145270271,87663.6875,111.01906005135098,-14.765057784432429,-0.10326610163426728
JULY_16,July 2016,psfc,meteorology_or_target,2,elevated_p75_90,0.75,0.9,111,87613.76590653154,87588.8125,105.36159380107958,-68.97060395560402,-0.48237707578534783
JULY_16,July 2016,psfc,meteorology_or_target,3,high_p90_97_5,0.9,0.975,55,87615.88849431818,87576.4765625,113.59239152790755,-66.84801616896584,-0.467531799234264
JULY_16,July 2016,psfc,meteorology_or_target,4,extreme_p97_5_100,0.975,1.0,19,87604.39720394737,87585.2734375,77.66401959732121,-78.33930653976859,-0.5479013295581718
JULY_16,July 2016,rain,meteorology_or_target,0,clean_p00_50,0.0,0.5,369,0.28016872570766665,0.22176125645637512,0.9549218670707336,0.0210331255332738,0.031124328530789072
JULY_16,July 2016,rain,meteorology_or_target,1,moderate_p50_75,0.5,0.75,185,0.23441901303626395,0.239651158452034,0.04953351762069667,-0.02471658713812891,-0.036575029090660335
JULY_16,July 2016,rain,meteorology_or_target,2,elevated_p75_90,0.75,0.9,111,0.235891767047547,0.23935900628566742,0.034050645078078486,-0.02324383312684586,-0.034395682059250476
JULY_16,July 2016,rain,meteorology_or_target,3,high_p90_97_5,0.9,0.975,55,0.24784119047901848,0.25243815779685974,0.032341242753654235,-0.011294409695374374,-0.016713204005940514
JULY_16,July 2016,rain,meteorology_or_target,4,extreme_p97_5_100,0.975,1.0,19,0.25979893223235484,0.2738371193408966,0.030426847312788368,0.000663332057961985,0.0009815833060261175
JULY_16,July 2016,PM25,emission,0,clean_p00_50,0.0,0.5,369,1.8891413911020118e-11,1.884013341361568e-11,1.2345136919580703e-13,3.294443012860521e-15,
JULY_16,July 2016,PM25,emission,1,moderate_p50_75,0.5,0.75,185,1.8885735838557505e-11,1.883031422441065e-11,1.2834526159812074e-13,-2.3836294497521775e-15,
JULY_16,July 2016,PM25,emission,2,elevated_p75_90,0.75,0.9,111,1.8886992005444442e-11,1.8836926561510358e-11,1.1776432549756047e-13,-1.1274625628150027e-15,
JULY_16,July 2016,PM25,emission,3,high_p90_97_5,0.9,0.975,55,1.8894523256098396e-11,1.882777694572027e-11,1.5508862059370577e-13,6.40378809113911e-15,
JULY_16,July 2016,PM25,emission,4,extreme_p97_5_100,0.975,1.0,19,1.8835396414108297e-11,1.883717517126611e-11,4.506298123566736e-15,-5.272305389896019e-14,
JULY_16,July 2016,NH3,emission,0,clean_p00_50,0.0,0.5,369,2.3463677933525342e-11,2.345491061440487e-11,2.0252560009141442e-14,3.4806099558160446e-16,
JULY_16,July 2016,NH3,emission,1,moderate_p50_75,0.5,0.75,185,2.3463687064241268e-11,2.345330924630658e-11,2.2972319560942803e-14,3.5719171150749453e-16,
JULY_16,July 2016,NH3,emission,2,elevated_p75_90,0.75,0.9,111,2.3462429764438674e-11,2.345395971577712e-11,1.8693539879452553e-14,-9.00108091085926e-16,
JULY_16,July 2016,NH3,emission,3,high_p90_97_5,0.9,0.975,55,2.3464875349035847e-11,2.3452766710198902e-11,2.8181638370496323e-14,1.5454765060870218e-15,
JULY_16,July 2016,NH3,emission,4,extreme_p97_5_100,0.975,1.0,19,2.3453877020755e-11,2.345387699411285e-11,6.872290578240055e-16,-9.452851774758973e-15,
JULY_16,July 2016,SO2,emission,0,clean_p00_50,0.0,0.5,369,3.639481768988187e-11,3.6391650804375675e-11,7.359058857417757e-15,4.1797098601535686e-16,
JULY_16,July 2016,SO2,emission,1,moderate_p50_75,0.5,0.75,185,3.639419715299566e-11,3.6390895110102305e-11,7.617115312603427e-15,-2.0256590019719985e-16,
JULY_16,July 2016,SO2,emission,2,elevated_p75_90,0.75,0.9,111,3.6394014088715864e-11,3.639110279570537e-11,6.538936921628864e-15,-3.85630179991253e-16,
JULY_16,July 2016,SO2,emission,3,high_p90_97_5,0.9,0.975,55,3.639422566383338e-11,3.6390618371681224e-11,8.351836595580562e-15,-1.74055062476518e-16,
JULY_16,July 2016,SO2,emission,4,extreme_p97_5_100,0.975,1.0,19,3.639101137026999e-11,3.6391100404639874e-11,2.2439464208234157e-16,-3.388348625865095e-15,
JULY_16,July 2016,NOx,emission,0,clean_p00_50,0.0,0.5,369,3.5552345946982576e-11,3.5519035517247846e-11,7.917964725777791e-14,3.628820343661577e-15,
JULY_16,July 2016,NOx,emission,1,moderate_p50_75,0.5,0.75,185,3.554556121240945e-11,3.551115430346158e-11,7.645681656850479e-14,-3.1559142294672677e-15,
JULY_16,July 2016,NOx,emission,2,elevated_p75_90,0.75,0.9,111,3.554643173884024e-11,3.5515106735248686e-11,7.341653699068689e-14,-2.2853877986733374e-15,
JULY_16,July 2016,NOx,emission,3,high_p90_97_5,0.9,0.975,55,3.555168764965033e-11,3.5509138217896417e-11,9.78493121726729e-14,2.9705230114140216e-15,
JULY_16,July 2016,NOx,emission,4,extreme_p97_5_100,0.975,1.0,19,3.55137228479899e-11,3.5514112863994593e-11,2.5119958424176285e-15,-3.4994278649017283e-14,
JULY_16,July 2016,NMVOC_e,emission,0,clean_p00_50,0.0,0.5,369,3.8239615194567303e-11,3.8239615194567303e-11,0.0,0.0,
JULY_16,July 2016,NMVOC_e,emission,1,moderate_p50_75,0.5,0.75,185,3.8239615194567303e-11,3.8239615194567303e-11,0.0,0.0,
JULY_16,July 2016,NMVOC_e,emission,2,elevated_p75_90,0.75,0.9,111,3.823961519456729e-11,3.8239615194567303e-11,1.2924697071141057e-26,-1.2924697071141057e-26,
JULY_16,July 2016,NMVOC_e,emission,3,high_p90_97_5,0.9,0.975,55,3.823961519456732e-11,3.8239615194567303e-11,1.9387045606711586e-26,1.9387045606711586e-26,
JULY_16,July 2016,NMVOC_e,emission,4,extreme_p97_5_100,0.975,1.0,19,3.82396151945673e-11,3.8239615194567303e-11,6.462348535570529e-27,-6.462348535570529e-27,
JULY_16,July 2016,NMVOC_finn,emission,0,clean_p00_50,0.0,0.5,369,4.400496420097171e-12,1.225181197814229e-12,7.281103761855122e-12,1.6438544657677692e-13,0.021746007011686372
JULY_16,July 2016,NMVOC_finn,emission,1,moderate_p50_75,0.5,0.75,185,4.316295403985611e-12,6.420056001578411e-13,7.9983567328302e-12,8.018443046521734e-14,0.010607333090829889
JULY_16,July 2016,NMVOC_finn,emission,2,elevated_p75_90,0.75,0.9,111,3.8431551533578125e-12,8.766943334487243e-13,6.608829303530961e-12,-3.9295582016258153e-13,-0.051982825721420454
JULY_16,July 2016,NMVOC_finn,emission,3,high_p90_97_5,0.9,0.975,55,4.839392547719562e-12,4.742703083558675e-13,1.0190315302702865e-11,6.032815741991679e-13,0.07980612405629856
JULY_16,July 2016,NMVOC_finn,emission,4,extreme_p97_5_100,0.975,1.0,19,8.121772911096789e-13,7.442693922103671e-13,2.456916689563502e-13,-3.423933682410715e-12,-0.45294086195445016
JULY_16,July 2016,bio,emission,0,clean_p00_50,0.0,0.5,369,6.783224409086566e-11,4.3242846803348556e-11,6.754302606816141e-11,1.18997669686902e-11,0.17851854529705166
JULY_16,July 2016,bio,emission,1,moderate_p50_75,0.5,0.75,185,5.0402668412416696e-11,6.8838376839075455e-12,6.555506759103898e-11,-5.5298087097587686e-12,-0.08295737296658669
JULY_16,July 2016,bio,emission,2,elevated_p75_90,0.75,0.9,111,4.7311543349776716e-11,1.234157090759802e-12,6.619002785515435e-11,-8.620933772398748e-12,-0.1293299742927861
JULY_16,July 2016,bio,emission,3,high_p90_97_5,0.9,0.975,55,2.8689381388467608e-11,1.965543613285936e-13,5.397767918060556e-11,-2.7243095733707857e-11,-0.4086968957094756
JULY_16,July 2016,bio,emission,4,extreme_p97_5_100,0.975,1.0,19,7.895346277379667e-12,8.737857205636749e-15,2.0296988672008968e-11,-4.80371308447958e-11,-0.7206459371196392
OCT_16,October 2016,cpm25,meteorology_or_target,0,clean_p00_50,0.0,0.5,369,28.78371896976378,29.355348587036133,5.245963684764332,-8.443627913811287,-0.8133380277195112
OCT_16,October 2016,cpm25,meteorology_or_target,1,moderate_p50_75,0.5,0.75,185,40.553116999445734,40.85142517089844,1.9463252006752494,3.325770115870668,0.32035699989410915
OCT_16,October 2016,cpm25,meteorology_or_target,2,elevated_p75_90,0.75,0.9,111,47.08614937034813,47.03281784057617,1.8463498263883018,9.858802486773065,0.9496556518261837
OCT_16,October 2016,cpm25,meteorology_or_target,3,high_p90_97_5,0.9,0.975,55,53.20206097689542,52.26580047607422,2.3729258269056532,15.974714093320351,1.5387748710233657
OCT_16,October 2016,cpm25,meteorology_or_target,4,extreme_p97_5_100,0.975,1.0,19,64.99023517809417,66.06708526611328,3.8279655385200884,27.7628882945191,2.6742785257420025
OCT_16,October 2016,q2,meteorology_or_target,0,clean_p00_50,0.0,0.5,369,0.01272252770670788,0.013113172724843025,0.001004797620866062,0.0012788101994278649,0.8345715894786183
OCT_16,October 2016,q2,meteorology_or_target,1,moderate_p50_75,0.5,0.75,185,0.010505951503040017,0.010552220977842808,0.0006193967434074388,-0.0009377660042399986,-0.6120007997025169
OCT_16,October 2016,q2,meteorology_or_target,2,elevated_p75_90,0.75,0.9,111,0.009654441554736983,0.00961313396692276,0.00039319889380410444,-0.0017892759525430322,-1.1677095446984977
OCT_16,October 2016,q2,meteorology_or_target,3,high_p90_97_5,0.9,0.975,55,0.00997372701425444,0.010085396468639374,0.0004946222486710395,-0.001469990493025576,-0.9593388470249019
OCT_16,October 2016,q2,meteorology_or_target,4,extreme_p97_5_100,0.975,1.0,19,0.010447130930659018,0.010464894585311413,0.000303989649541625,-0.0009965865766209982,-0.6503880276179773
OCT_16,October 2016,t2,meteorology_or_target,0,clean_p00_50,0.0,0.5,369,292.8609927624545,292.8460693359375,2.0345588477989023,1.824927964096787,0.6209340829750916
OCT_16,October 2016,t2,meteorology_or_target,1,moderate_p50_75,0.5,0.75,185,290.14642185520484,289.7519226074219,2.3243895863319004,-0.8896429431528645,-0.30270215370133247
OCT_16,October 2016,t2,meteorology_or_target,2,elevated_p75_90,0.75,0.9,111,288.1087055378132,287.7318115234375,2.338114531035923,-2.927359260544506,-0.9960377471033379
OCT_16,October 2016,t2,meteorology_or_target,3,high_p90_97_5,0.9,0.975,55,288.26379061612215,287.3941650390625,2.454157589104778,-2.772274182235549,-0.9432698500808637
OCT_16,October 2016,t2,meteorology_or_target,4,extreme_p97_5_100,0.975,1.0,19,289.38330078125,288.6507873535156,2.482813158328486,-1.6527640171076996,-0.5623550789550886
OCT_16,October 2016,u10,meteorology_or_target,0,clean_p00_50,0.0,0.5,369,1.7093337873365417,1.6768633127212524,0.6603963753685085,0.3062912129719404,0.3465117288687268
OCT_16,October 2016,u10,meteorology_or_target,1,moderate_p50_75,0.5,0.75,185,0.9347445204551961,0.7530724406242371,1.0213385227550573,-0.46829805390940527,-0.5297924374372242
OCT_16,October 2016,u10,meteorology_or_target,2,elevated_p75_90,0.75,0.9,111,1.0947233545551966,1.067030906677246,0.949784575803951,-0.3083192198094047,-0.348806042664375
OCT_16,October 2016,u10,meteorology_or_target,3,high_p90_97_5,0.9,0.975,55,1.443573130878874,1.6924718618392944,0.764352519959341,0.04053055651427262,0.045852811360471035
OCT_16,October 2016,u10,meteorology_or_target,4,extreme_p97_5_100,0.975,1.0,19,1.6981970573726453,1.48910391330719,0.44374554531920424,0.2951544830080439,0.3339125833813652
OCT_16,October 2016,v10,meteorology_or_target,0,clean_p00_50,0.0,0.5,369,0.10248259189884118,0.16068068146705627,0.45981776339853486,0.30858411117288287,0.6142529373652136
OCT_16,October 2016,v10,meteorology_or_target,1,moderate_p50_75,0.5,0.75,185,-0.5968206790653435,-0.6546191573143005,0.29183628045610505,-0.3907191597913018,-0.7777470806078418
OCT_16,October 2016,v10,meteorology_or_target,2,elevated_p75_90,0.75,0.9,111,-0.5108929513995578,-0.5027896761894226,0.3172968476109434,-0.30479143212551607,-0.606703409826437
OCT_16,October 2016,v10,meteorology_or_target,3,high_p90_97_5,0.9,0.975,55,-0.358851166120307,-0.33556067943573,0.3443408070920443,-0.15274964684626527,-0.30405622279188366
OCT_16,October 2016,v10,meteorology_or_target,4,extreme_p97_5_100,0.975,1.0,19,-0.1719653571122571,-0.16032548248767853,0.045538794162558086,0.03413616216178461,0.06794982994605349
OCT_16,October 2016,swdown,meteorology_or_target,0,clean_p00_50,0.0,0.5,369,254.02995362241126,119.36861419677734,280.78201010567636,45.76618993008546,0.16929659014685858
OCT_16,October 2016,swdown,meteorology_or_target,1,moderate_p50_75,0.5,0.75,185,210.03458632857402,10.395999908447266,274.3886554885989,1.7708226362482264,0.006550561332059215
OCT_16,October 2016,swdown,meteorology_or_target,2,elevated_p75_90,0.75,0.9,111,118.84114393630476,0.0,210.49113085031695,-89.42261975602104,-0.33078883406769105
OCT_16,October 2016,swdown,meteorology_or_target,3,high_p90_97_5,0.9,0.975,55,117.41291076053272,0.0,243.17319666898052,-90.85085293179307,-0.3360721011904776
OCT_16,October 2016,swdown,meteorology_or_target,4,extreme_p97_5_100,0.975,1.0,19,87.59962854808883,0.0,149.29934341750024,-120.66413514423697,-0.4463562875595682
OCT_16,October 2016,pblh,meteorology_or_target,0,clean_p00_50,0.0,0.5,369,851.6802790778762,834.3197021484375,313.9699554275841,91.22427815747596,0.2799787095843409
OCT_16,October 2016,pblh,meteorology_or_target,1,moderate_p50_75,0.5,0.75,185,730.3758604307433,566.882080078125,357.7967590081718,-30.08014048965697,-0.09231971015294534
OCT_16,October 2016,pblh,meteorology_or_target,2,elevated_p75_90,0.75,0.9,111,627.5338192501583,551.2288208007812,238.00266317958116,-132.9221816702419,-0.40795478627878634
OCT_16,October 2016,pblh,meteorology_or_target,3,high_p90_97_5,0.9,0.975,55,558.7044228293679,480.51361083984375,215.25225439999605,-201.75157809103234,-0.619200805217909
OCT_16,October 2016,pblh,meteorology_or_target,4,extreme_p97_5_100,0.975,1.0,19,642.2331751773232,479.2657470703125,312.551247624411,-118.22282574307701,-0.36284062602087597
OCT_16,October 2016,psfc,meteorology_or_target,0,clean_p00_50,0.0,0.5,369,88080.25721968157,88077.4921875,97.3116616778548,-16.82650832924992,-0.12429069888461641
OCT_16,October 2016,psfc,meteorology_or_target,1,moderate_p50_75,0.5,0.75,185,88157.85608108107,88137.6953125,150.10994373882286,60.772353070249665,0.44890110818972906
OCT_16,October 2016,psfc,meteorology_or_target,2,elevated_p75_90,0.75,0.9,111,88122.92525337837,88095.875,151.30469492867604,25.841525367548456,0.19088103041519833
OCT_16,October 2016,psfc,meteorology_or_target,3,high_p90_97_5,0.9,0.975,55,88035.9765625,88039.4140625,143.94767418578832,-61.107165510824416,-0.4513742340112022
OCT_16,October 2016,psfc,meteorology_or_target,4,extreme_p97_5_100,0.975,1.0,19,87858.06167763157,87878.3046875,50.19371262520098,-239.0220503792516,-1.7655604543236505
OCT_16,October 2016,rain,meteorology_or_target,0,clean_p00_50,0.0,0.5,369,0.067179196660576,0.04847395420074463,0.37913096029563187,0.02187279076571568,0.08131097342950608
OCT_16,October 2016,rain,meteorology_or_target,1,moderate_p50_75,0.5,0.75,185,0.023478583680037912,0.02517036348581314,0.011832329157562473,-0.0218278222148224,-0.08114380515701575
OCT_16,October 2016,rain,meteorology_or_target,2,elevated_p75_90,0.75,0.9,111,0.017019204803750857,0.0071211764588952065,0.015172067309792684,-0.028287201091109455,-0.10515621353263734
OCT_16,October 2016,rain,meteorology_or_target,3,high_p90_97_5,0.9,0.975,55,0.032968570059165356,0.03643647953867912,0.01791340526768426,-0.012337835835694956,-0.04586526943723432
OCT_16,October 2016,rain,meteorology_or_target,4,extreme_p97_5_100,0.975,1.0,19,0.034019437961672484,0.0336444154381752,0.010001028053447344,-0.011286967933187828,-0.04195872211943109
OCT_16,October 2016,PM25,emission,0,clean_p00_50,0.0,0.5,369,2.1704265503247185e-11,2.0667937910462775e-11,2.5766427887203093e-12,-5.54181807900962e-14,-0.020857337485790352
OCT_16,October 2016,PM25,emission,1,moderate_p50_75,0.5,0.75,185,2.2546626855426853e-11,2.0617162858487734e-11,3.530606479779028e-12,7.869431713895716e-13,0.2961760756813533
OCT_16,October 2016,PM25,emission,2,elevated_p75_90,0.75,0.9,111,2.1171618425412604e-11,2.0688590171884547e-11,1.3407784911114776e-12,-5.88065258624677e-13,-0.22132584267355526
OCT_16,October 2016,PM25,emission,3,high_p90_97_5,0.9,0.975,55,2.0939950897376986e-11,2.0546811920288635e-11,8.780520327900977e-13,-8.197327866602951e-13,-0.30851686460622046
OCT_16,October 2016,PM25,emission,4,extreme_p97_5_100,0.975,1.0,19,2.0982071524991616e-11,2.0527114872935433e-11,9.392850585753274e-13,-7.776121590456651e-13,-0.29266423045716444
OCT_16,October 2016,NH3,emission,0,clean_p00_50,0.0,0.5,369,2.912164792976227e-11,2.8740172797902618e-11,9.59854287503331e-13,-4.002490770290505e-14,
OCT_16,October 2016,NH3,emission,1,moderate_p50_75,0.5,0.75,185,2.947422583902288e-11,2.8770117151379048e-11,1.3217087563275233e-12,3.125530015577011e-13,
OCT_16,October 2016,NH3,emission,2,elevated_p75_90,0.75,0.9,111,2.896477461194851e-11,2.8788358511740976e-11,4.841434381487254e-13,-1.9689822551666667e-13,
OCT_16,October 2016,NH3,emission,3,high_p90_97_5,0.9,0.975,55,2.8870979446634148e-11,2.8737827145040367e-11,2.9184906245406737e-13,-2.9069339083102864e-13,
OCT_16,October 2016,NH3,emission,4,extreme_p97_5_100,0.975,1.0,19,2.8887500478636518e-11,2.8731318494863634e-11,3.2341349823541184e-13,-2.741723588286594e-13,
OCT_16,October 2016,SO2,emission,0,clean_p00_50,0.0,0.5,369,3.6595081681541273e-11,3.652168351792306e-11,1.7955782261238287e-13,-4.798015304157022e-15,
OCT_16,October 2016,SO2,emission,1,moderate_p50_75,0.5,0.75,185,3.665530370248574e-11,3.6521188844728824e-11,2.447652682525631e-13,5.542400564031121e-14,
OCT_16,October 2016,SO2,emission,2,elevated_p75_90,0.75,0.9,111,3.6559995886383265e-11,3.6525776352514385e-11,9.396103975882433e-14,-3.9883810462165645e-14,
OCT_16,October 2016,SO2,emission,3,high_p90_97_5,0.9,0.975,55,3.654431250443999e-11,3.651660207965844e-11,6.216146151448883e-14,-5.556719240543945e-14,
OCT_16,October 2016,SO2,emission,4,extreme_p97_5_100,0.975,1.0,19,3.654726523091787e-11,3.6515163895967356e-11,6.625238506737082e-14,-5.2614465927560866e-14,
OCT_16,October 2016,NOx,emission,0,clean_p00_50,0.0,0.5,369,3.8128109330539766e-11,3.7168593187582386e-11,2.408761185507835e-12,-7.404581667992466e-14,-0.029729958474763937
OCT_16,October 2016,NOx,emission,1,moderate_p50_75,0.5,0.75,185,3.896861131577512e-11,3.718943073746683e-11,3.334151372140389e-12,7.664561685554308e-13,0.3077379801532741
OCT_16,October 2016,NOx,emission,2,elevated_p75_90,0.75,0.9,111,3.767649823392178e-11,3.723618054220555e-11,1.2079682071643623e-12,-5.256569132979113e-13,-0.21105524802127673
OCT_16,October 2016,NOx,emission,3,high_p90_97_5,0.9,0.975,55,3.743242953522827e-11,3.710603677081936e-11,7.173448783044813e-13,-7.697256119914217e-13,-0.3090506865551464
OCT_16,October 2016,NOx,emission,4,extreme_p97_5_100,0.975,1.0,19,3.747643626341628e-11,3.708670712497038e-11,8.059230526538706e-13,-7.257188838034102e-13,-0.29138165054065784
OCT_16,October 2016,NMVOC_e,emission,0,clean_p00_50,0.0,0.5,369,4.076317488117054e-11,4.0763174881170536e-11,6.462348535570529e-27,0.0,
OCT_16,October 2016,NMVOC_e,emission,1,moderate_p50_75,0.5,0.75,185,4.0763174881170536e-11,4.0763174881170536e-11,0.0,-6.462348535570529e-27,
OCT_16,October 2016,NMVOC_e,emission,2,elevated_p75_90,0.75,0.9,111,4.0763174881170556e-11,4.0763174881170536e-11,1.9387045606711586e-26,1.2924697071141057e-26,
OCT_16,October 2016,NMVOC_e,emission,3,high_p90_97_5,0.9,0.975,55,4.076317488117053e-11,4.0763174881170536e-11,6.462348535570529e-27,-1.2924697071141057e-26,
OCT_16,October 2016,NMVOC_e,emission,4,extreme_p97_5_100,0.975,1.0,19,4.076317488117053e-11,4.0763174881170536e-11,6.462348535570529e-27,-1.2924697071141057e-26,
OCT_16,October 2016,NMVOC_finn,emission,0,clean_p00_50,0.0,0.5,369,1.9028066591440746e-10,2.6768023561607457e-11,4.121948676544299e-10,-1.7785382943535412e-11,-0.04181947095725335
OCT_16,October 2016,NMVOC_finn,emission,1,moderate_p50_75,0.5,0.75,185,3.432004365502051e-10,4.276268575353903e-11,5.683828953595343e-10,1.3513438769226224e-10,0.31774680474208616
OCT_16,October 2016,NMVOC_finn,emission,2,elevated_p75_90,0.75,0.9,111,1.243724441425263e-10,4.9532093704396374e-11,2.05125413359177e-10,-8.369360471541658e-11,-0.1967920669920906
OCT_16,October 2016,NMVOC_finn,emission,3,high_p90_97_5,0.9,0.975,55,8.260920642304649e-11,2.776689989048009e-11,1.1950555804117516e-10,-1.2545684243489638e-10,-0.29499161166512067
OCT_16,October 2016,NMVOC_finn,emission,4,extreme_p97_5_100,0.975,1.0,19,8.980610361723689e-11,2.501912739483192e-11,1.3438499023405533e-10,-1.1825994524070597e-10,-0.2780692640187249
OCT_16,October 2016,bio,emission,0,clean_p00_50,0.0,0.5,369,6.460436071985337e-11,2.5274962678345503e-11,7.444125948846424e-11,1.2311744945672755e-11,0.17404972906049065
OCT_16,October 2016,bio,emission,1,moderate_p50_75,0.5,0.75,185,5.2561912512750704e-11,1.2457621739736524e-12,7.084160186597744e-11,2.692967385700884e-13,0.0038070171687134865
OCT_16,October 2016,bio,emission,2,elevated_p75_90,0.75,0.9,111,2.6933843037776666e-11,5.7955815371975826e-15,5.074823293359289e-11,-2.535877273640395e-11,-0.35849406753905805
OCT_16,October 2016,bio,emission,3,high_p90_97_5,0.9,0.975,55,3.0440493207648035e-11,4.366829231658605e-15,6.557828222949407e-11,-2.185212256653258e-11,-0.308920955468494
OCT_16,October 2016,bio,emission,4,extreme_p97_5_100,0.975,1.0,19,2.1968233316886767e-11,5.7508649738461336e-15,4.0422242384617565e-11,-3.032438245729385e-11,-0.42869232378581296
DEC_16,December 2016,cpm25,meteorology_or_target,0,clean_p00_50,0.0,0.5,369,51.36421496176784,52.655418395996094,5.603538945333968,-7.710357976937004,-0.8265094789861677
DEC_16,December 2016,cpm25,meteorology_or_target,1,moderate_p50_75,0.5,0.75,185,62.640991582097236,62.45473098754883,2.440119026721412,3.566418643392389,0.38230116210087883
DEC_16,December 2016,cpm25,meteorology_or_target,2,elevated_p75_90,0.75,0.9,111,68.79262357144742,68.64842987060547,1.1329802000155709,9.718050632742575,1.0417234827818016
DEC_16,December 2016,cpm25,meteorology_or_target,3,high_p90_97_5,0.9,0.975,55,73.35675076571378,73.29002380371094,1.0661714034154797,14.282177827008937,1.5309737096380989
DEC_16,December 2016,cpm25,meteorology_or_target,4,extreme_p97_5_100,0.975,1.0,19,75.97516471461246,75.98738098144531,0.2381377170809144,16.900591775907614,1.8116537967556727
DEC_16,December 2016,q2,meteorology_or_target,0,clean_p00_50,0.0,0.5,369,0.008813876223303681,0.008712493814527988,0.0005846955046673028,0.00029485977885249093,0.5024789155552807
DEC_16,December 2016,q2,meteorology_or_target,1,moderate_p50_75,0.5,0.75,185,0.008363268861698138,0.008333558216691017,0.00042324809964644494,-0.0001557475827530519,-0.26541387498381325
DEC_16,December 2016,q2,meteorology_or_target,2,elevated_p75_90,0.75,0.9,111,0.008068234298948769,0.008087698370218277,0.00038379860383309884,-0.00045078214550242114,-0.768190644737119
DEC_16,December 2016,q2,meteorology_or_target,3,high_p90_97_5,0.9,0.975,55,0.008150163690813563,0.008190319873392582,0.00033298267394562056,-0.0003688527536376274,-0.6285724433787026
DEC_16,December 2016,q2,meteorology_or_target,4,extreme_p97_5_100,0.975,1.0,19,0.008010267182008216,0.008048763498663902,0.0002520751018745359,-0.0005087492624429747,-0.8669740534865603
DEC_16,December 2016,t2,meteorology_or_target,0,clean_p00_50,0.0,0.5,369,287.98179729844173,288.4339599609375,2.9057491277977876,1.8046508101023164,0.5843985043507256
DEC_16,December 2016,t2,meteorology_or_target,1,moderate_p50_75,0.5,0.75,185,285.04348457955024,284.630859375,2.145784631203341,-1.133661908789179,-0.36711275124644377
DEC_16,December 2016,t2,meteorology_or_target,2,elevated_p75_90,0.75,0.9,111,283.7649998020481,283.28546142578125,1.7775012661015153,-2.412146686291294,-0.7811233662778614
DEC_16,December 2016,t2,meteorology_or_target,3,high_p90_97_5,0.9,0.975,55,283.78238414417615,283.63739013671875,1.5739818692167447,-2.3947623441632686,-0.7754938098662455
DEC_16,December 2016,t2,meteorology_or_target,4,extreme_p97_5_100,0.975,1.0,19,283.1914367675781,283.06512451171875,1.0907451355417803,-2.9857097207612924,-0.9668597855445487
DEC_16,December 2016,u10,meteorology_or_target,0,clean_p00_50,0.0,0.5,369,0.2418794505623722,0.005825529806315899,0.8408188515963518,0.08227355297503633,0.10417186119644335
DEC_16,December 2016,u10,meteorology_or_target,1,moderate_p50_75,0.5,0.75,185,0.09456653473332424,0.08051183074712753,0.7161093579527844,-0.06503936285401163,-0.08235053956632923
DEC_16,December 2016,u10,meteorology_or_target,2,elevated_p75_90,0.75,0.9,111,0.11870290517706324,0.15246732532978058,0.6608985037322285,-0.040902992410272634,-0.05178992147300316
DEC_16,December 2016,u10,meteorology_or_target,3,high_p90_97_5,0.9,0.975,55,-0.03988404273986816,-0.35759487748146057,0.8740064126478573,-0.19948994032720402,-0.25258710268848805
DEC_16,December 2016,u10,meteorology_or_target,4,extreme_p97_5_100,0.975,1.0,19,0.011475368942085066,0.13281795382499695,0.6746323612967623,-0.1481305286452508,-0.18755763317613097
DEC_16,December 2016,v10,meteorology_or_target,0,clean_p00_50,0.0,0.5,369,-0.9402181624301121,-0.9678795337677002,0.505251572592183,-0.09050036433014941,-0.17769759372189284
DEC_16,December 2016,v10,meteorology_or_target,1,moderate_p50_75,0.5,0.75,185,-0.795671417673647,-0.767974853515625,0.49135629121041136,0.05404638042631571,0.10612014462283055
DEC_16,December 2016,v10,meteorology_or_target,2,elevated_p75_90,0.75,0.9,111,-0.8541018089346655,-0.9751038551330566,0.49793859297705884,-0.004384010834702745,-0.008608011491925655
DEC_16,December 2016,v10,meteorology_or_target,3,high_p90_97_5,0.9,0.975,55,-0.5355759266340597,-0.6558303236961365,0.43995692556868127,0.314141871465903,0.6168180101810531
DEC_16,December 2016,v10,meteorology_or_target,4,extreme_p97_5_100,0.975,1.0,19,-0.5020927280481708,-0.74521803855896,0.42074695678034546,0.3476250700517919,0.6825623180947682
DEC_16,December 2016,swdown,meteorology_or_target,0,clean_p00_50,0.0,0.5,369,253.82026603113832,139.48052978515625,251.66912867304927,83.03428417968249,0.3571742523445442
DEC_16,December 2016,swdown,meteorology_or_target,1,moderate_p50_75,0.5,0.75,185,111.44655846847486,0.0,207.25328263441116,-59.33942338298097,-0.2552501583021852
DEC_16,December 2016,swdown,meteorology_or_target,2,elevated_p75_90,0.75,0.9,111,76.37765388210045,0.0,149.49900468752466,-94.40832796935538,-0.4061000138760029
DEC_16,December 2016,swdown,meteorology_or_target,3,high_p90_97_5,0.9,0.975,55,52.224428613077514,0.0,113.47823904684749,-118.56155323837831,-0.5099957752762502
DEC_16,December 2016,swdown,meteorology_or_target,4,extreme_p97_5_100,0.975,1.0,19,30.69926060187189,0.0,72.9942464041677,-140.08672124958395,-0.6025868762527585
DEC_16,December 2016,pblh,meteorology_or_target,0,clean_p00_50,0.0,0.5,369,693.1034795662898,728.24853515625,213.70245232673284,128.58825538308724,0.613542244014914
DEC_16,December 2016,pblh,meteorology_or_target,1,moderate_p50_75,0.5,0.75,185,467.87562090899496,420.7691955566406,118.04519545690226,-96.63960327420762,-0.4611033789744292
DEC_16,December 2016,pblh,meteorology_or_target,2,elevated_p75_90,0.75,0.9,111,411.7499994501337,391.7635498046875,59.55297846303141,-152.76522473306886,-0.7288995290505932
DEC_16,December 2016,pblh,meteorology_or_target,3,high_p90_97_5,0.9,0.975,55,399.39528364701704,399.2652282714844,31.12063551466974,-165.11994053618554,-0.7878484589931307
DEC_16,December 2016,pblh,meteorology_or_target,4,extreme_p97_5_100,0.975,1.0,19,378.6098054584704,371.09515380859375,20.922961891561172,-185.90541872473216,-0.8870236822102991
DEC_16,December 2016,psfc,meteorology_or_target,0,clean_p00_50,0.0,0.5,369,88288.39670138889,88306.8671875,156.87928125265995,23.67800424748566,0.15004428957837845
DEC_16,December 2016,psfc,meteorology_or_target,1,moderate_p50_75,0.5,0.75,185,88254.51946790541,88297.2890625,164.4970772762596,-10.199229235993698,-0.06463112722535333
DEC_16,December 2016,psfc,meteorology_or_target,2,elevated_p75_90,0.75,0.9,111,88246.18025056306,88279.0234375,136.1753847254795,-18.5384465783427,-0.11747561228812285
DEC_16,December 2016,psfc,meteorology_or_target,3,high_p90_97_5,0.9,0.975,55,88210.08224431818,88277.6953125,151.65576151749968,-54.6364528232225,-0.3462237637622493
DEC_16,December 2016,psfc,meteorology_or_target,4,extreme_p97_5_100,0.975,1.0,19,88170.6369243421,88148.0390625,144.3452789661997,-94.08177279929805,-0.5961833866739041
DEC_16,December 2016,rain,meteorology_or_target,0,clean_p00_50,0.0,0.5,369,0.04492936776253725,0.035771071910858154,0.17004141525599253,0.0018556683971634944,0.015125612408020576
DEC_16,December 2016,rain,meteorology_or_target,1,moderate_p50_75,0.5,0.75,185,0.03927207518136129,0.03569021075963974,0.026442936208498215,-0.0038016241840124684,-0.030987160214737366
DEC_16,December 2016,rain,meteorology_or_target,2,elevated_p75_90,0.75,0.9,111,0.03271746099402138,0.019108209758996964,0.03181844514144394,-0.010356238371352376,-0.08441402992559834
DEC_16,December 2016,rain,meteorology_or_target,3,high_p90_97_5,0.9,0.975,55,0.05596398796293546,0.08122257888317108,0.04888626992882595,0.012890288597561701,0.10506915430163852
DEC_16,December 2016,rain,meteorology_or_target,4,extreme_p97_5_100,0.975,1.0,19,0.06723872156764724,0.0871526449918747,0.04832646238224075,0.024165022202273477,0.1969698682272687
DEC_16,December 2016,PM25,emission,0,clean_p00_50,0.0,0.5,369,4.5799034616809407e-11,4.526836070635279e-11,2.8807726471129385e-12,1.2197897101036249e-12,0.4883789594253082
DEC_16,December 2016,PM25,emission,1,moderate_p50_75,0.5,0.75,185,4.3617298888217396e-11,4.298399695258982e-11,1.4240599060147354e-12,-9.619460184883862e-13,-0.3851435961800054
DEC_16,December 2016,PM25,emission,2,elevated_p75_90,0.75,0.9,111,4.31720521206825e-11,4.293514672890211e-11,6.367509519786114e-13,-1.407192786023284e-12,-0.5634113346393687
DEC_16,December 2016,PM25,emission,3,high_p90_97_5,0.9,0.975,55,4.302551290943284e-11,4.292840626819837e-11,3.18399382701594e-13,-1.5537319972729402e-12,-0.6220826506148351
DEC_16,December 2016,PM25,emission,4,extreme_p97_5_100,0.975,1.0,19,4.2974574879901355e-11,4.2964501578746e-11,1.146537549648216e-13,-1.6046700268044265e-12,-0.6424772003078716
DEC_16,December 2016,NH3,emission,0,clean_p00_50,0.0,0.5,369,3.3535554474089204e-11,3.3433529090729095e-11,5.631082171368826e-13,2.539530108382114e-13,
DEC_16,December 2016,NH3,emission,1,moderate_p50_75,0.5,0.75,185,3.30797329840951e-11,3.295721019823399e-11,2.6439557486300077e-13,-2.018684791558945e-13,
DEC_16,December 2016,NH3,emission,2,elevated_p75_90,0.75,0.9,111,3.298964624472202e-11,3.295257351614533e-11,1.1091301618246953e-13,-2.919552185289725e-13,
DEC_16,December 2016,NH3,emission,3,high_p90_97_5,0.9,0.975,55,3.2960124300028433e-11,3.294391910901299e-11,5.164221270808923e-14,-3.2147716322255957e-13,
DEC_16,December 2016,NH3,emission,4,extreme_p97_5_100,0.975,1.0,19,3.2951353088435093e-11,3.29484028255502e-11,1.781704722318533e-14,-3.302483748158998e-13,
DEC_16,December 2016,SO2,emission,0,clean_p00_50,0.0,0.5,369,4.284652042085208e-11,4.281349292255407e-11,2.0562821407908068e-13,8.73509362855722e-14,
DEC_16,December 2016,SO2,emission,1,moderate_p50_75,0.5,0.75,185,4.2689966093105346e-11,4.264696240907057e-11,9.729159328968604e-14,-6.920339146116165e-14,
DEC_16,December 2016,SO2,emission,2,elevated_p75_90,0.75,0.9,111,4.265850690480827e-11,4.264249581702749e-11,4.222212591936284e-14,-1.0066257975823729e-13,
DEC_16,December 2016,SO2,emission,3,high_p90_97_5,0.9,0.975,55,4.2648377381782054e-11,4.2642469251915766e-11,2.1612206768246066e-14,-1.107921027844533e-13,
DEC_16,December 2016,SO2,emission,4,extreme_p97_5_100,0.975,1.0,19,4.264534021810593e-11,4.264453916500734e-11,7.589804713159929e-15,-1.1382926646057643e-13,
DEC_16,December 2016,NOx,emission,0,clean_p00_50,0.0,0.5,369,4.200404743263251e-11,4.176559508493615e-11,1.4187761444415698e-12,6.448492491390892e-13,0.5140570633989368
DEC_16,December 2016,NOx,emission,1,moderate_p50_75,0.5,0.75,185,4.0849402907818686e-11,4.052848051118127e-11,7.164660289144726e-13,-5.097952756747328e-13,-0.4063955454672157
DEC_16,December 2016,NOx,emission,2,elevated_p75_90,0.75,0.9,111,4.061650897895142e-11,4.051055022517066e-11,3.112244965937029e-13,-7.426892045420006e-13,-0.5920525332310731
DEC_16,December 2016,NOx,emission,3,high_p90_97_5,0.9,0.975,55,4.0539412901247715e-11,4.0500815559025015e-11,1.3479243226799109e-13,-8.197852822457045e-13,-0.6535115228427584
DEC_16,December 2016,NOx,emission,4,extreme_p97_5_100,0.975,1.0,19,4.0511274251660786e-11,4.0500815559025015e-11,4.1531821950349026e-14,-8.479239318326332e-13,-0.6759429230405251
DEC_16,December 2016,NMVOC_e,emission,0,clean_p00_50,0.0,0.5,369,7.313760826575941e-11,7.31376082657594e-11,1.2924697071141057e-26,1.2924697071141057e-26,
DEC_16,December 2016,NMVOC_e,emission,1,moderate_p50_75,0.5,0.75,185,7.31376082657594e-11,7.31376082657594e-11,0.0,0.0,
DEC_16,December 2016,NMVOC_e,emission,2,elevated_p75_90,0.75,0.9,111,7.313760826575936e-11,7.31376082657594e-11,3.877409121342317e-26,-3.877409121342317e-26,
DEC_16,December 2016,NMVOC_e,emission,3,high_p90_97_5,0.9,0.975,55,7.313760826575941e-11,7.31376082657594e-11,1.2924697071141057e-26,1.2924697071141057e-26,
DEC_16,December 2016,NMVOC_e,emission,4,extreme_p97_5_100,0.975,1.0,19,7.313760826575939e-11,7.31376082657594e-11,1.2924697071141057e-26,-1.2924697071141057e-26,
DEC_16,December 2016,NMVOC_finn,emission,0,clean_p00_50,0.0,0.5,369,2.0353906909380606e-10,1.7914046634981418e-10,1.774613202822772e-10,8.29675272261829e-11,0.5286573569117886
DEC_16,December 2016,NMVOC_finn,emission,1,moderate_p50_75,0.5,0.75,185,5.43631669804297e-11,1.675991984084746e-11,8.267828137539089e-11,-6.620837488719346e-11,-0.42187040693485617
DEC_16,December 2016,NMVOC_finn,emission,2,elevated_p75_90,0.75,0.9,111,2.5375462648303204e-11,1.4615529272954397e-11,3.372563326492228e-11,-9.519607921931996e-11,-0.6065759618368982
DEC_16,December 2016,NMVOC_finn,emission,3,high_p90_97_5,0.9,0.975,55,1.588430162339429e-11,1.1270889603565148e-11,1.390891260274439e-11,-1.0468724024422887e-10,-0.667052298413422
DEC_16,December 2016,NMVOC_finn,emission,4,extreme_p97_5_100,0.975,1.0,19,1.3102847891118644e-11,1.188257478523802e-11,4.224692111338994e-12,-1.0746869397650452e-10,-0.6847753284667177
DEC_16,December 2016,bio,emission,0,clean_p00_50,0.0,0.5,369,4.134964329732315e-11,1.8600804924107095e-11,4.2288136581674085e-11,1.473623098704432e-11,0.38987529459242676
DEC_16,December 2016,bio,emission,1,moderate_p50_75,0.5,0.75,185,1.5777185865303977e-11,2.297461672946463e-15,3.0519301427100775e-11,-1.0836226444974851e-11,-0.2866931837061404
DEC_16,December 2016,bio,emission,2,elevated_p75_90,0.75,0.9,111,9.614293486037815e-12,1.99388718223289e-15,1.9911835105498714e-11,-1.6999118824241014e-11,-0.44974433864665775
DEC_16,December 2016,bio,emission,3,high_p90_97_5,0.9,0.975,55,6.472514596641347e-12,1.8041657780915564e-15,1.4675168675995943e-11,-2.014089771363748e-11,-0.5328661335699739
DEC_16,December 2016,bio,emission,4,extreme_p97_5_100,0.975,1.0,19,3.544160828268734e-12,1.5741378876386533e-15,8.469630169259362e-12,-2.3069251482010093e-11,-0.6103413569916792
