split,month,month_label,feature,category,sample_size_used,mean,median,mode_approx,mode_kind,mode_frequency_frac,std,mad_normal,iqr,min,p01,p05,p25,p50,p75,p95,p99,max,zero_frac,negative_frac,positive_frac,unique_ratio_rounded_6dp,coeff_var,skewness,pearson_skewness,bowley_skewness,kurtosis_excess,outlier_low_frac,outlier_high_frac,max_over_p99,p99_over_median,jarque_bera_stat,jarque_bera_pvalue,strictly_positive,suggested_transform,suggested_scaler,suggested_lambda,transform_reason
train_raw,APRIL_16,April 2016,cpm25,meteorology_or_target,8000,22.260942582096906,16.34415626525879,5.950074567036196,hist_bin_center,0.37025,25.621869166873815,14.862158083215906,21.16734755039215,0.1811978816986084,1.2326668286323548,2.479373836517334,7.655732035636902,16.34415626525879,28.823079586029053,58.73034267425526,113.26623870849623,507.84234619140625,0.0,0.0,1.0,0.999625,1.150978628707299,6.0778496215697695,0.6927815779132758,0.17907293684881898,71.31018425630192,0.0,0.047375,4.483616230061257,6.9300756105260355,1742129.2600538374,0.0,True,box_cox,robust,0.12927134864264023,Strictly positive and strongly right-skewed.
train_raw,APRIL_16,April 2016,q2,meteorology_or_target,8000,0.010334786754593097,0.008576315362006426,0.0,exact_zero,0.00075,0.006904385384826426,0.009637402552574798,0.013842252839822322,0.0,0.0008331927581457421,0.0014051802572794259,0.003587044484447688,0.008576315362006426,0.01742929732427001,0.02000523265451193,0.021101915668696167,0.02236807718873024,0.00075,0.0,0.99925,0.796875,0.6680723607342847,0.10707064669636783,0.7640671665509348,0.2791244408994945,-1.6253987308170708,0.0,0.0,1.0600022073783744,2.460487374587329,895.6321242672041,3.280615313025611e-195,False,identity,standardize,,Distribution is close enough to symmetric for standard scaling.
train_raw,APRIL_16,April 2016,t2,meteorology_or_target,8000,293.28645020103454,300.5486145019531,301.0715248801491,hist_bin_center,0.21425,14.88893497530542,6.427882366224224,19.759559631347656,238.1151123046875,258.3652679443359,264.5628890991211,282.6357192993164,300.5486145019531,302.39527893066406,310.4279098510742,313.818662109375,318.4073486328125,0.0,0.0,1.0,0.994375,0.05076584671777278,-0.9674268638334653,-1.4632673820451583,-0.8130864793382048,-0.3351228497332075,0.003,0.0,1.014622095743427,1.0441527492296447,1284.975004087905,9.35886473727016e-280,True,identity,standardize,,"Moderate skew, but not severe enough to force a nonlinear transform."
train_raw,APRIL_16,April 2016,u10,meteorology_or_target,8000,2.0734983095972495,2.0138217210769653,2.038111448287964,hist_bin_center,0.07925,3.2556996314208537,3.1332098005437454,4.252107698470354,-10.792638778686523,-4.707101440429688,-2.9581567883491515,-0.20316537097096443,2.0138217210769653,4.04894232749939,7.739106297492976,10.948849048614509,16.746532440185547,0.0,0.2715,0.7285,0.999625,1.5701481965776147,0.319461727403069,0.05498964457071862,-0.04277090293148732,0.45870525363619175,0.002375,0.013375,1.529524461048688,5.4368512038688355,205.84358297757925,2.00278296519452e-45,False,identity,robust,,Outliers dominate more than skew; robust centering/scaling is safer than aggressive warping.
train_raw,APRIL_16,April 2016,v10,meteorology_or_target,8000,0.26823341375994686,0.06520755961537361,-0.36304385011846296,hist_bin_center,0.111,3.1441021819715735,3.0323641184402645,4.079424291849136,-16.293216705322266,-6.340100221633912,-4.560301494598389,-1.8531703054904938,0.06520755961537361,2.2262539863586426,5.686458420753469,7.852233448028565,19.65178871154785,0.0,0.491875,0.508125,0.9995,11.721515742201158,0.298781550297463,0.19372066401855462,0.05948598240253256,0.8534213154373442,0.003875,0.00725,2.502700517198933,120.41906635281117,361.0290416008593,4.013651984130889e-79,False,identity,robust,,Outliers dominate more than skew; robust centering/scaling is safer than aggressive warping.
train_raw,APRIL_16,April 2016,swdown,meteorology_or_target,8000,276.57146974414496,16.325068473815918,0.0,exact_zero,0.478,363.8930744160618,24.203582736535342,562.0357971191406,0.0,0.0,0.0,0.0,16.325068473815918,562.0357971191406,981.2446899414062,1077.118981933594,1159.5670166015625,0.478,0.0,0.522,0.522125,1.3157288955100743,0.9364602917188336,2.145518171962567,0.9419073711763761,-0.7034840356431977,0.0,0.0,1.0765449649025418,65.97944649734274,1333.94753491246,2.172567204906496e-290,False,identity,standardize,,"Moderate skew, but not severe enough to force a nonlinear transform."
train_raw,APRIL_16,April 2016,pblh,meteorology_or_target,8000,919.0540945224762,647.3919372558594,713.4112882614136,hist_bin_center,0.134625,890.2677859539122,433.1886282747976,585.5095672607422,67.85453033447266,94.33852638244629,124.2279727935791,356.11949157714844,647.3919372558594,941.6290588378906,3015.3951416015607,3921.5674194335948,5232.30859375,0.0,0.0,1.0,0.999875,0.96867833053557,1.8049743922509143,0.9154396965252445,0.005063411546271228,2.739057302306504,0.0,0.149,1.3342391024111782,6.057485726585023,6838.600006953197,0.0,True,identity,robust,,Outliers dominate more than skew; robust centering/scaling is safer than aggressive warping.
train_raw,APRIL_16,April 2016,psfc,meteorology_or_target,8000,87871.05715478516,97857.42578125,100865.03462357954,hist_bin_center,0.359625,17768.121209031804,4707.302583659698,27411.73046875,49404.1484375,52524.4928515625,54536.6212890625,73458.25,97857.42578125,100869.98046875,101138.516015625,101249.749921875,101456.5390625,0.0,0.0,1.0,0.993875,0.20220675367240887,-1.0392449507146444,-1.686115573331741,-0.780199598056432,-0.685959762923031,0.0,0.0,1.0020423669271732,1.0346659858824427,1596.4939767589215,0.0,True,identity,standardize,,"Moderate skew, but not severe enough to force a nonlinear transform."
train_raw,APRIL_16,April 2016,rain,meteorology_or_target,8000,0.028210072553472174,0.0,0.0,exact_zero,0.784875,0.3008194102253354,0.0,7.821654435247183e-11,0.0,0.0,0.0,0.0,0.0,7.821654435247183e-11,0.016035640239715557,0.6791049957275408,16.052398681640625,0.7605,0.0,0.251625,0.1405,10.663546137824794,27.486374150921048,0.2813323036469701,1.0,1149.2868699624823,0.0,0.249625,23.637580024637163,,440743061.9963398,0.0,False,identity,robust,,Outliers dominate more than skew; robust centering/scaling is safer than aggressive warping.
train_raw,APRIL_16,April 2016,PM25,emission,8000,5.890659804866156e-11,6.308697867492968e-13,0.0,exact_zero,1.0,6.608256766127405e-10,9.349767531779094e-13,2.0259926653524188e-11,0.0,0.0,3.55999738128839e-16,1.7172790441863416e-14,6.308697867492968e-13,2.027709944396605e-11,9.884105686697152e-11,7.234416204982013e-10,3.615362942355205e-08,0.999125,0.0,0.975625,0.000125,11.218194540225285,32.11077967564819,0.26455870431952,0.9394176487602751,1393.2151052291013,0.0,0.114625,49.97449469199006,,647581325.1304606,0.0,False,identity_or_log1p,max_clip_or_robust,0.039584209844525466,Highly sparse emission-like field; preserve zeros and avoid over-warping the spatial prior.
train_raw,APRIL_16,April 2016,NH3,emission,8000,3.636847922174301e-11,8.393333771061773e-12,0.0,exact_zero,1.0,1.0364665487728009e-10,1.2443554078416036e-11,5.028929077348685e-11,0.0,0.0,1.2599107730907205e-16,3.74545517891527e-15,8.393333771061773e-12,5.0293036228665766e-11,1.3324155667682192e-10,2.1460529908701266e-10,4.021894373096302e-09,1.0,0.0,0.975875,0.000125,2.849903462977759,20.96791539899314,0.8097264349863801,0.666346922501999,658.9137169215961,0.0,0.058625,18.740890323801406,25.56854105181911,145127269.52180386,0.0,False,identity_or_log1p,max_clip_or_robust,0.13573104672476305,Highly sparse emission-like field; preserve zeros and avoid over-warping the spatial prior.
train_raw,APRIL_16,April 2016,SO2,emission,8000,4.706603928287879e-11,4.806143005277319e-13,0.0,exact_zero,1.0,7.12286053203295e-10,7.125569233553507e-13,8.532009178693849e-12,0.0,0.0,6.419320068351126e-18,1.3087526185058692e-14,4.806143005277319e-13,8.545096704878907e-12,6.482211503677706e-11,3.7593823748460984e-10,3.7482312365000325e-08,0.99925,0.0,0.957625,0.000125,15.13375809938618,33.33686052808442,0.19620807443658464,0.8904064061463548,1360.4315334968967,0.0,0.13325,99.70337844799514,,617634432.1417239,0.0,False,identity_or_log1p,max_clip_or_robust,0.049319451879636725,Highly sparse emission-like field; preserve zeros and avoid over-warping the spatial prior.
train_raw,APRIL_16,April 2016,NOx,emission,8000,4.9939241758172726e-11,2.54079428937265e-12,0.0,exact_zero,1.0,3.204553634141336e-10,3.709354292845347e-12,2.954843891133296e-11,0.0,0.0,1.8281461702129215e-14,2.680974813353866e-13,2.54079428937265e-12,2.981653639266835e-11,1.3794031195057954e-10,7.046743077943068e-10,9.00091645661405e-09,1.0,0.0,0.976,0.000125,6.4169048654346055,18.94892371474103,0.4437290138990033,0.8461714464945492,427.3140574470524,0.0,0.121,12.773158261988744,277.3441009143242,61268078.69456534,0.0,False,identity_or_log1p,max_clip_or_robust,0.04792871304070824,Highly sparse emission-like field; preserve zeros and avoid over-warping the spatial prior.
train_raw,APRIL_16,April 2016,NMVOC_e,emission,8000,4.325435985507885e-11,1.33000728486099e-12,0.0,exact_zero,1.0,1.7762182211869619e-10,1.9718717228043908e-12,4.410736133537597e-11,0.0,0.0,2.508779240869229e-17,1.0424478104055458e-14,1.33000728486099e-12,4.4117785813480026e-11,1.9062221245924604e-10,3.592549219222365e-10,8.68761329542167e-09,1.0,0.0,0.960125,0.000125,4.106448984884009,29.014408241800083,0.7080946260454724,0.9401649626363583,1186.6739671842813,0.0,0.11475,24.182308342325705,270.11500313683257,469933340.19227594,0.0,False,identity_or_log1p,max_clip_or_robust,0.06817327589240432,Highly sparse emission-like field; preserve zeros and avoid over-warping the spatial prior.
train_raw,APRIL_16,April 2016,NMVOC_finn,emission,8000,1.318492586544528e-09,0.0,0.0,exact_zero,0.999625,2.0157728065240695e-08,0.0,0.0,0.0,0.0,0.0,0.0,0.0,0.0,0.0,1.9954765448915273e-08,9.908144420478493e-07,0.986625,0.0,0.04375,0.00025,15.2884652298801,29.793189501160075,0.19622636771523258,,1122.8045373261875,0.0,0.04375,49.6530237142782,,420887485.58782095,0.0,False,identity_or_log1p,max_clip_or_robust,0.01952177141767102,Highly sparse emission-like field; preserve zeros and avoid over-warping the spatial prior.
train_raw,APRIL_16,April 2016,bio,emission,8000,7.053416421900275e-11,0.0,0.0,exact_zero,1.0,3.0182768680997376e-10,0.0,2.0102869564310455e-12,0.0,0.0,0.0,0.0,0.0,2.0102869564310455e-12,3.6128031261073427e-10,1.5308212764075838e-09,6.465601387617426e-09,1.0,0.0,0.377375,0.000125,4.279170103622746,8.234391250652063,0.701070517729641,1.0,91.21811835007588,0.0,0.2185,4.223616098928552,,2860443.8741935333,0.0,False,identity_or_log1p,max_clip_or_robust,0.059315033643895815,Highly sparse emission-like field; preserve zeros and avoid over-warping the spatial prior.
train_raw,JULY_16,July 2016,cpm25,meteorology_or_target,8000,15.310563845489174,9.822618007659912,5.157239630903033,hist_bin_center,0.514,19.544455913959403,9.470242278051295,15.38748562335968,0.06570809334516525,0.6314743369817734,1.4972844362258912,4.40701425075531,9.822618007659912,19.79449987411499,44.76987514495849,82.88894058227548,448.1204833984375,0.0,0.0,1.0,0.999875,1.276534039581934,6.300107585140343,0.8423789122586256,0.29610283454196107,77.88910065844394,0.0,0.057375,5.4062759187232405,8.43857925836439,2072573.8165440827,0.0,True,box_cox,robust,0.09382955952589074,Strictly positive and strongly right-skewed.
train_raw,JULY_16,July 2016,q2,meteorology_or_target,8000,0.015607890214741928,0.01844379585236311,0.019101606426622973,hist_bin_center,0.094,0.006138447897157776,0.0032988692504399867,0.010637776227667928,0.0013277948601171374,0.0027103799814358356,0.004102875478565693,0.009382211370393634,0.01844379585236311,0.02001998759806156,0.022068285197019574,0.023273642268031837,0.02615470625460148,0.0,0.0,1.0,0.740125,0.3932913297506349,-0.8432553564896248,-1.3859720006425056,-0.7036614209652362,-0.8081707758531671,0.0,0.0,1.1237908511864947,1.2618683515221139,1165.5958984897582,7.83549753673356e-254,True,identity,standardize,,"Moderate skew, but not severe enough to force a nonlinear transform."
train_raw,JULY_16,July 2016,t2,meteorology_or_target,8000,296.51173537445067,300.94786071777344,301.86261333118784,hist_bin_center,0.278625,9.696545488173623,3.541563334729515,9.194053649902344,259.6859436035156,272.38614837646486,276.4359954833984,292.9703140258789,300.94786071777344,302.16436767578125,306.93843841552734,313.36736358642577,320.5309753417969,0.0,0.0,1.0,0.988125,0.032702063127209156,-1.0332068539202348,-1.3724863196073134,-0.7353709246583016,0.11329684033088894,0.095,0.004,1.0228601079365287,1.0412679553163504,1427.038428409827,1.32599699194187e-310,True,identity,robust,,Outliers dominate more than skew; robust centering/scaling is safer than aggressive warping.
train_raw,JULY_16,July 2016,u10,meteorology_or_target,8000,2.535438123432912,2.677604556083679,2.3962348157709297,hist_bin_center,0.048,3.6156828029638195,3.9702116312949465,5.368714768439531,-9.612257957458496,-5.942332201004028,-3.5550404667854307,-0.05995424464344978,2.677604556083679,5.3087605237960815,8.122589015960692,9.665039300918583,11.954014778137207,0.0,0.255625,0.744375,0.99975,1.4260583879161233,-0.19676214228154149,-0.11795816203863209,-0.019819051226231125,-0.4739580318733454,0.001125,0.0,1.2368304365819884,3.609584275228032,126.62327195287962,3.1923158570228754e-28,False,identity,standardize,,Distribution is close enough to symmetric for standard scaling.
train_raw,JULY_16,July 2016,v10,meteorology_or_target,8000,1.2636037495450263,1.397520899772644,0.9092364419590346,hist_bin_center,0.081125,2.8634097639577014,2.7970468617136865,3.7691260874271393,-13.710857391357422,-6.138533549308777,-3.811948180198669,-0.5062300264835358,1.397520899772644,3.2628960609436035,5.6579795360565175,7.223585500717164,10.56401538848877,0.0,0.305625,0.694375,0.99875,2.2660662133906313,-0.39249080037101153,-0.14030525974304386,-0.010181608201761219,0.4482425359688724,0.009875,0.000875,1.4624337716276723,5.168856867823826,271.9880313416756,8.680593559845208e-60,False,identity,robust,,Outliers dominate more than skew; robust centering/scaling is safer than aggressive warping.
train_raw,JULY_16,July 2016,swdown,meteorology_or_target,8000,222.72316850033124,36.0710334777832,0.0,exact_zero,0.44425,308.0901411830817,53.478994257951214,383.6002502441406,0.0,0.0,0.0,0.0,36.0710334777832,383.6002502441406,896.7920043945306,1063.0305310058595,1148.9837646484375,0.44425,0.0,0.55575,0.55575,1.3832873484045443,1.257101752221645,1.8175083529689826,0.8119342547100741,0.31872067011467786,0.0,0.03075,1.0808567873974866,29.470476127627425,2139.94256399788,0.0,False,identity,robust,,Outliers dominate more than skew; robust centering/scaling is safer than aggressive warping.
train_raw,JULY_16,July 2016,pblh,meteorology_or_target,8000,805.2380904588699,715.4282531738281,825.205342986367,hist_bin_center,0.10675,518.969596153842,345.11670396131046,459.3841018676758,87.02558135986328,132.9668553161621,215.9204299926758,475.9392623901367,715.4282531738281,935.3233642578125,1962.84876708984,2678.1420678710947,3908.19140625,0.0,0.0,1.0,0.9995,0.6444921102255656,1.7711524802904284,0.5191624207890136,-0.042652498464892434,3.994989352479368,0.0,0.0775,1.4592920417237965,3.743411105152964,9492.410484755397,0.0,True,identity,robust,,Outliers dominate more than skew; robust centering/scaling is safer than aggressive warping.
train_raw,JULY_16,July 2016,psfc,meteorology_or_target,8000,87491.33570361328,97284.01953125,100713.52121803976,hist_bin_center,0.32275,17503.62532294378,5236.469955952962,28088.939453125,50323.3359375,53091.9979296875,55115.27265625,72453.888671875,97284.01953125,100542.828125,100966.426171875,101094.76015625,101292.71875,0.0,0.0,1.0,0.995125,0.20006124243249954,-1.002559543403871,-1.6783980998725656,-0.7679649956746626,-0.7530823614270581,0.0,0.0,1.0019581489035043,1.0391712908590902,1528.8495792873,0.0,True,identity,standardize,,"Moderate skew, but not severe enough to force a nonlinear transform."
train_raw,JULY_16,July 2016,rain,meteorology_or_target,8000,0.2537051330556128,1.52587890625e-05,0.0,exact_zero,0.45975,1.4439064064441811,2.2622714515771515e-05,0.047791481018066406,0.0,0.0,0.0,0.0,1.52587890625e-05,0.047791481018066406,1.1158658981323237,4.4013446044922,59.365867614746094,0.45,0.0,0.553,0.430625,5.691277858882237,21.619542212517082,0.5270906891215269,0.9993614431385069,708.5534691257378,0.0,0.194625,13.488120778853524,288446.52000000083,167762873.2518081,0.0,False,identity,robust,,Outliers dominate more than skew; robust centering/scaling is safer than aggressive warping.
train_raw,JULY_16,July 2016,PM25,emission,8000,1.6393620526386984e-11,4.564239611259957e-13,0.0,exact_zero,1.0,8.384545163619762e-11,6.762953640260509e-13,1.482199365167994e-11,0.0,0.0,3.549391840574496e-16,1.572247352452029e-14,4.564239611259957e-13,1.483771612520446e-11,6.850641477706956e-11,1.7320372913687265e-10,5.347494891339011e-09,1.0,0.0,0.976125,0.000125,5.1145170465084835,38.19588084051762,0.5702347445540126,0.9405341146463754,2150.5614850788397,0.0,0.11825,30.874017077964886,,1541655554.9486742,0.0,False,identity_or_log1p,max_clip_or_robust,0.04843906369688845,Highly sparse emission-like field; preserve zeros and avoid over-warping the spatial prior.
train_raw,JULY_16,July 2016,NH3,emission,8000,2.3372608939218254e-11,5.649395881657249e-12,0.0,exact_zero,1.0,3.382488546842264e-11,8.375409335599983e-12,3.8527903762657274e-11,0.0,0.0,1.0221708395589688e-16,2.500798708198436e-15,5.649395881657249e-12,3.853040456136547e-11,1.0017077237134402e-10,1.3940524790090351e-10,3.0041283349824255e-10,1.0,0.0,0.974125,0.000125,1.4472019600544423,1.8548083805614963,1.5719089196124478,0.7068672556007453,3.769900519217898,0.0,0.055875,2.154960720788586,24.67613366475727,9314.946535176816,0.0,False,identity_or_log1p,max_clip_or_robust,0.12737984371268013,Highly sparse emission-like field; preserve zeros and avoid over-warping the spatial prior.
train_raw,JULY_16,July 2016,SO2,emission,8000,5.1380559240490744e-11,3.979279335512495e-13,0.0,exact_zero,1.0,8.075577737690035e-10,5.899583623316552e-13,6.675680090132091e-12,0.0,0.0,1.588895669886771e-18,1.2252127447093166e-14,3.979279335512495e-13,6.6879322175791844e-12,5.009291263041707e-11,4.257360297632573e-10,4.257057284462462e-08,0.999,0.0,0.95775,0.000125,15.717185365561436,32.37981282115908,0.18939560597254335,0.8844534786278158,1315.5772588992213,0.0,0.13925,99.9928826045031,,577590471.247942,0.0,False,identity_or_log1p,max_clip_or_robust,0.05206121374348979,Highly sparse emission-like field; preserve zeros and avoid over-warping the spatial prior.
train_raw,JULY_16,July 2016,NOx,emission,8000,3.631096678399286e-11,2.3101767894495584e-12,0.0,exact_zero,1.0,3.4261227003613445e-10,3.358915365593747e-12,2.2251083164588972e-11,0.0,0.0,2.2007047605684255e-14,2.7934791524235336e-13,2.3101767894495584e-12,2.2530431079831326e-11,1.0235195156693661e-10,3.1547028267464597e-10,2.3445927865850535e-08,0.999875,0.0,0.977125,0.000125,9.435503936710655,45.96285715479929,0.2977195474431548,0.8174624705516246,2830.37822735082,0.0,0.123125,74.3205593473634,136.55677094297727,2669824971.6747847,0.0,False,identity_or_log1p,max_clip_or_robust,0.05614264000627403,Highly sparse emission-like field; preserve zeros and avoid over-warping the spatial prior.
train_raw,JULY_16,July 2016,NMVOC_e,emission,8000,3.8957243599243335e-11,1.1255899099067712e-12,0.0,exact_zero,1.0,1.7593911590793759e-10,1.6687647263531142e-12,3.748495375869928e-11,0.0,0.0,1.0880420176808695e-16,1.0199057225802671e-14,1.1255899099067712e-12,3.749515281592508e-11,1.7155549203451415e-10,3.3873139654305724e-10,8.114545479998014e-09,1.0,0.0,0.96575,0.000125,4.51621058506703,31.965280791427368,0.6450808876827447,0.9404886099174063,1329.50460481189,0.0,0.123,23.955693398402023,300.93677418546974,589819228.093681,0.0,False,identity_or_log1p,max_clip_or_robust,0.0625096065397224,Highly sparse emission-like field; preserve zeros and avoid over-warping the spatial prior.
train_raw,JULY_16,July 2016,NMVOC_finn,emission,8000,4.361914424815851e-12,0.0,0.0,exact_zero,1.0,2.1840065263044773e-10,0.0,0.0,0.0,0.0,0.0,0.0,0.0,0.0,0.0,0.0,1.7539870000859992e-08,0.999875,0.0,0.001375,0.000125,50.06990769647391,69.73786807902773,0.05991622789053534,,5340.12624370318,0.0,0.001375,,,9500252556.139046,0.0,False,identity_or_log1p,max_clip_or_robust,0.13862045128464218,Highly sparse emission-like field; preserve zeros and avoid over-warping the spatial prior.
train_raw,JULY_16,July 2016,bio,emission,8000,5.45438189229129e-11,0.0,0.0,exact_zero,1.0,2.0857206221538752e-10,0.0,8.561845460039463e-12,0.0,0.0,0.0,0.0,0.0,8.561845460039463e-12,2.886392000411844e-10,1.0561175112222552e-09,4.443112100460667e-09,1.0,0.0,0.425625,0.000125,3.8239358067348315,7.59794007226241,0.7845319983448229,1.0,81.90084210883475,0.0,0.204,4.207024363528078,,2310024.255015848,0.0,False,identity_or_log1p,max_clip_or_robust,0.08786198200915643,Highly sparse emission-like field; preserve zeros and avoid over-warping the spatial prior.
train_raw,OCT_16,October 2016,cpm25,meteorology_or_target,8000,37.2801099659726,25.438000679016113,13.626784498041326,hist_bin_center,0.517875,48.0046800605254,29.50213424541345,44.69958174228668,0.29090118408203125,1.2715918409824372,2.232897996902466,7.318498015403748,25.438000679016113,52.01807975769043,108.70636634826658,180.58062957763713,1173.8486328125,0.0,0.0,1.0,1.0,1.2876753878768503,7.516579835878697,0.7400596736834211,0.18927641121657474,120.52319158683565,0.0,0.03875,6.5004127826890015,7.098853084259828,4911140.585389978,0.0,True,box_cox,robust,0.14258838892634518,Strictly positive and strongly right-skewed.
train_raw,OCT_16,October 2016,q2,meteorology_or_target,8000,0.01141980975104707,0.013502350077033043,0.018797429130327975,hist_bin_center,0.054125,0.006723367801328437,0.007552478083961986,0.013618976052384824,0.0,0.0007342659228015691,0.0011997138033621013,0.00384433037834242,0.013502350077033043,0.017463306430727243,0.01975870784372091,0.020937965344637634,0.022659914568066597,0.000375,0.0,0.999625,0.79775,0.5887460428762378,-0.3104402429686213,-0.929239804004696,-0.41831803823451236,-1.450572519149793,0.0,0.0,1.0822405231399415,1.550690452045994,829.6848427420333,6.858443088192328e-181,False,identity,standardize,,Distribution is close enough to symmetric for standard scaling.
train_raw,OCT_16,October 2016,t2,meteorology_or_target,8000,291.00475910949706,297.4082946777344,301.7171212976629,hist_bin_center,0.1945,13.187187903876183,6.5692969546623114,19.749061584472656,247.33836364746094,258.972421875,265.331608581543,281.2955856323242,297.4082946777344,301.0446472167969,302.9373291015625,306.60133758544924,312.8908386230469,0.0,0.0,1.0,0.9915,0.04531605580688874,-0.9697371812119341,-1.4567629463340908,-0.6317442706319255,-0.43638608892788877,0.00025,0.0,1.020513612520835,1.0309105128277483,1316.9999400911445,1.0401516821346387e-286,True,identity,standardize,,"Moderate skew, but not severe enough to force a nonlinear transform."
train_raw,OCT_16,October 2016,u10,meteorology_or_target,8000,1.452730054411477,1.0697540640830994,0.631956934928894,hist_bin_center,0.0905,2.909486771177801,2.5422686357498625,3.51743483543396,-8.179447174072266,-4.116421642303467,-2.6577587008476256,-0.49439358711242676,1.0697540640830994,3.023041248321533,6.814260172843933,10.09357738494873,13.974940299987793,0.0,0.321125,0.678875,0.99925,2.0027717898054216,0.7369903570277915,0.3948902543110827,0.11063162538870404,0.9853340109761568,0.0015,0.026875,1.3845378865204765,9.435418591842483,1046.6660724994435,5.240227706987121e-228,False,identity,robust,,Outliers dominate more than skew; robust centering/scaling is safer than aggressive warping.
train_raw,OCT_16,October 2016,v10,meteorology_or_target,8000,-0.20794610664912624,-0.3440036177635193,-0.784173802895979,hist_bin_center,0.095625,2.3972487737139763,2.1652645447736947,2.94308403134346,-10.53095531463623,-5.324915099143982,-3.9311892390251155,-1.737285166978836,-0.3440036177635193,1.205798864364624,3.943638527393339,6.295861377716066,11.461782455444336,0.0,0.563125,0.436875,0.99975,11.528221481727122,0.3867569407847275,0.17026707357985682,0.05318262450065954,0.9450360697083151,0.004125,0.0155,1.8205264963445396,18.3017301348385,496.22026157961284,1.7666043426996663e-108,False,identity,robust,,Outliers dominate more than skew; robust centering/scaling is safer than aggressive warping.
train_raw,OCT_16,October 2016,swdown,meteorology_or_target,8000,212.74803006801662,0.0,0.0,exact_zero,0.5195,298.0763082210063,0.0,429.83619689941406,0.0,0.0,0.0,0.0,0.0,429.83619689941406,814.0129821777341,899.0021160888673,996.8355712890625,0.5195,0.0,0.4805,0.480625,1.4010767015126289,1.0634012770451677,2.141210396804931,1.0,-0.43876995990516,0.0,0.0,1.1088244993524845,,1571.5099037757866,0.0,False,identity,standardize,,"Moderate skew, but not severe enough to force a nonlinear transform."
train_raw,OCT_16,October 2016,pblh,meteorology_or_target,8000,758.1624660978317,678.8759155273438,112.95166128331965,hist_bin_center,0.105,572.148281915769,515.529653433577,675.8760528564453,74.38301849365234,92.28105255126952,116.36075592041016,295.0260467529297,678.8759155273438,970.902099609375,2013.5699829101547,2554.873452148438,3468.423583984375,0.0,0.0,1.0,1.0,0.7546512884771852,1.2425337974707027,0.4157307803407533,-0.1358587633106835,1.444287164468287,0.0,0.05325,1.3575715779847009,3.763387967834798,2751.4800653541297,0.0,True,identity,robust,,Outliers dominate more than skew; robust centering/scaling is safer than aggressive warping.
train_raw,OCT_16,October 2016,psfc,meteorology_or_target,8000,88056.59843261719,98180.88671875,101138.07151100851,hist_bin_center,0.350375,17654.81760041795,4284.257098287907,26567.845703125,49416.67578125,52865.1231640625,54865.9013671875,74312.166015625,98180.88671875,100880.01171875,101174.156640625,101303.693046875,101732.5703125,0.0,0.0,1.0,0.992875,0.20049397676799655,-1.0444176359331654,-1.720372622693049,-0.7968126561588303,-0.6706301977801044,0.0,0.0,1.0042335797711397,1.0318066625031677,1603.9284524569425,0.0,True,identity,standardize,,"Moderate skew, but not severe enough to force a nonlinear transform."
train_raw,OCT_16,October 2016,rain,meteorology_or_target,8000,0.050670498171303945,0.0,0.0,exact_zero,0.781375,1.327876355544807,0.0,0.0,0.0,0.0,0.0,0.0,0.0,0.0,0.08963643908500632,0.7790361952781685,115.14205932617188,0.76325,0.0,0.240875,0.158,26.206104211874887,81.74513590064234,0.11447714531489182,,7058.372291690212,0.0,0.240875,147.8006542238495,,16595027483.955996,0.0,False,identity,robust,,Outliers dominate more than skew; robust centering/scaling is safer than aggressive warping.
train_raw,OCT_16,October 2016,PM25,emission,8000,2.06640586616492e-11,6.056130803008125e-13,0.0,exact_zero,1.0,1.1968886217194917e-10,8.976395498120426e-13,1.6545865151177178e-11,0.0,0.0,2.8893681509039823e-16,1.5266655025933124e-14,6.056130803008125e-13,1.656113180620311e-11,7.780703061011068e-11,2.0448166770936638e-10,6.870418456372818e-09,1.0,0.0,0.973375,0.000125,5.792127487233759,31.927241238340677,0.5027647155471758,0.9286412139974587,1495.4898504965645,0.0,0.123625,33.59919025180229,,745923089.1681471,0.0,False,identity_or_log1p,max_clip_or_robust,0.05067476354638457,Highly sparse emission-like field; preserve zeros and avoid over-warping the spatial prior.
train_raw,OCT_16,October 2016,NH3,emission,8000,2.8971027470634642e-11,6.688093004761364e-12,0.0,exact_zero,1.0,4.210499400620759e-11,9.91540114065624e-12,4.6847077216583476e-11,0.0,0.0,1.2734455522595662e-16,3.018634841601194e-15,6.688093004761364e-12,4.685009585142508e-11,1.2106419963742126e-10,1.6708469330328768e-10,5.73669667325305e-10,1.0,0.0,0.97525,0.000125,1.4533483166548264,2.028422319172392,1.5876692296349508,0.7146001515094179,6.711332082817279,0.0,0.05475,3.4334064717944877,24.982411755389364,20475.820445667036,0.0,False,identity_or_log1p,max_clip_or_robust,0.13050504468987434,Highly sparse emission-like field; preserve zeros and avoid over-warping the spatial prior.
train_raw,OCT_16,October 2016,SO2,emission,8000,3.3001949192502225e-11,4.632859037807108e-13,0.0,exact_zero,1.0,4.756390923793768e-10,6.868674749389327e-13,7.44912263091103e-12,0.0,0.0,5.894761497667135e-19,1.2689787041598858e-14,4.632859037807108e-13,7.461812417952629e-12,5.2372541026191016e-11,2.789413974801964e-10,2.4206618931543744e-08,0.9995,0.0,0.954625,0.000125,14.412454537304667,33.99439870999328,0.2052312171773816,0.87902035204272,1388.8375483554971,0.0,0.13175,86.78030278120445,,643692828.393504,0.0,False,identity_or_log1p,max_clip_or_robust,0.05656350640864703,Highly sparse emission-like field; preserve zeros and avoid over-warping the spatial prior.
train_raw,OCT_16,October 2016,NOx,emission,8000,3.791388612816915e-11,2.293271800755947e-12,0.0,exact_zero,1.0,3.4082305527198705e-10,3.341111253638607e-12,2.4242585789833147e-11,0.0,0.0,1.8950595877010063e-14,2.5776864638008684e-13,2.293271800755947e-12,2.4500354436213234e-11,1.122117336549433e-10,3.44559883680429e-10,2.269977450453098e-08,0.99975,0.0,0.974,0.000125,8.989399137820465,44.56355332958576,0.31354053468290355,0.8320721088070143,2618.0026449533584,0.0,0.127,65.88049154783344,150.24816664420212,2284437113.5201273,0.0,False,identity_or_log1p,max_clip_or_robust,0.04700072438962238,Highly sparse emission-like field; preserve zeros and avoid over-warping the spatial prior.
train_raw,OCT_16,October 2016,NMVOC_e,emission,8000,3.933759538905637e-11,1.313980228876549e-12,0.0,exact_zero,1.0,1.1627965901570731e-10,1.9481098288853055e-12,4.449309237480455e-11,0.0,0.0,7.665779131886003e-17,1.0546246713519789e-14,1.313980228876549e-12,4.450363862151807e-11,1.8556884293086098e-10,3.411582816248427e-10,7.2438406384378595e-09,1.0,0.0,0.962625,0.000125,2.9559422192861344,31.944483586364708,0.9810042998589336,0.9414096025880577,1859.44251314278,0.0,0.11975,21.233078686929264,259.6373020897982,1152428046.8138049,0.0,False,identity_or_log1p,max_clip_or_robust,0.06697391597757445,Highly sparse emission-like field; preserve zeros and avoid over-warping the spatial prior.
train_raw,OCT_16,October 2016,NMVOC_finn,emission,8000,2.170436317564667e-10,0.0,0.0,exact_zero,0.999875,7.95931195667544e-09,0.0,0.0,0.0,0.0,0.0,0.0,0.0,0.0,0.0,0.0,6.031704629094747e-07,0.99725,0.0,0.008,0.00025,36.67148348128531,63.29526937166225,0.0818074349659457,,4458.227331966196,0.0,0.008,,,6622323595.500968,0.0,False,identity_or_log1p,max_clip_or_robust,-0.027773919568684722,Highly sparse emission-like field; preserve zeros and avoid over-warping the spatial prior.
train_raw,OCT_16,October 2016,bio,emission,8000,5.471902084771655e-11,0.0,0.0,exact_zero,1.0,1.9801507660146978e-10,0.0,1.2128944495894828e-12,0.0,0.0,0.0,0.0,0.0,1.2128944495894828e-12,3.298842657373231e-10,1.0121657301187555e-09,2.954696487478259e-09,1.0,0.0,0.36425,0.000125,3.6187613289453266,6.254584470095121,0.8290129487136798,1.0,50.074557332833564,0.0,0.230875,2.9191825010036547,,886891.3561269323,0.0,False,identity_or_log1p,max_clip_or_robust,0.07407589734705927,Highly sparse emission-like field; preserve zeros and avoid over-warping the spatial prior.
train_raw,DEC_16,December 2016,cpm25,meteorology_or_target,8000,61.233983399630986,24.278878211975098,7.767690811263905,hist_bin_center,0.412875,82.07433988522868,33.88488080182221,82.73004281520844,0.05211663618683815,0.5510971128940583,0.9626134037971497,5.207522034645081,24.278878211975098,87.93756484985352,228.30964660644523,386.33374755859376,679.0226440429688,0.0,0.0,1.0,0.999875,1.34033971544179,2.2275329838153732,1.3507914375918195,0.5389496843382731,6.263165791715206,0.0,0.06025,1.7576063399431188,15.91233928460673,19669.672888150617,0.0,True,identity,robust,,Outliers dominate more than skew; robust centering/scaling is safer than aggressive warping.
train_raw,DEC_16,December 2016,q2,meteorology_or_target,8000,0.008524359669891509,0.00742814433760941,0.0,exact_zero,0.002875,0.006342394328102495,0.008705472520926153,0.012622326554264873,0.0,0.00043686731980415057,0.0008331031771376729,0.0020946593140251935,0.00742814433760941,0.014716985868290067,0.018514023534953593,0.01972911819815636,0.02228201925754547,0.002875,0.0,0.997125,0.777375,0.7440317600047037,0.2686302035038477,0.5185180590671641,0.1549125273134181,-1.404858755627869,0.0,0.0,1.129397626074726,2.6559955355560247,753.9363557018837,1.9266397052080915e-164,False,identity,standardize,,Distribution is close enough to symmetric for standard scaling.
train_raw,DEC_16,December 2016,t2,meteorology_or_target,8000,286.27696287345884,290.98828125,300.6873590295965,hist_bin_center,0.177375,15.513849354312834,14.045108702686102,26.37664031982422,240.3214874267578,251.72899871826172,257.2769073486328,273.57252502441406,290.98828125,299.9491653442383,301.748876953125,302.7843753051758,307.5644836425781,0.0,0.0,1.0,0.9945,0.054191749132012135,-0.7717149950864975,-0.9110540399629605,-0.32054393693927435,-0.7456782311495878,0.0,0.0,1.0157871697724972,1.040538038179762,979.2474716379501,2.286195286196937e-213,True,identity,standardize,,"Moderate skew, but not severe enough to force a nonlinear transform."
train_raw,DEC_16,December 2016,u10,meteorology_or_target,8000,0.1079180567203,-0.3281247466802597,0.051967740058898926,hist_bin_center,0.10025,3.862541423600407,3.1753656549536426,4.355801165103912,-13.649800300598145,-7.551565713882447,-5.428112030029297,-2.356108605861664,-0.3281247466802597,1.9996925592422485,7.498208451271054,11.541426095962525,18.938188552856445,0.0,0.545125,0.454875,0.999375,35.79142861709667,0.7619238915805057,0.3386703899688739,0.06883543012550511,1.2422041322053499,0.00325,0.03525,1.6408880839674995,35.17389716176768,1286.8410570077003,3.6814162713311526e-280,False,identity,robust,,Outliers dominate more than skew; robust centering/scaling is safer than aggressive warping.
train_raw,DEC_16,December 2016,v10,meteorology_or_target,8000,-0.8458762154715623,-0.9513543844223022,-0.627905845642089,hist_bin_center,0.13925,3.1180668972637773,2.490719069186577,3.379376173019409,-14.340368270874023,-7.278128609657288,-5.426747465133667,-2.7290802597999573,-0.9513543844223022,0.6502959132194519,4.33537092208861,9.489615631103517,22.226198196411133,0.0,0.658125,0.341875,0.9995,3.6861976258849003,0.8812136767838419,0.10148419430317647,-0.052102982539105926,3.4146928263559673,0.007,0.0305,2.342160005254767,9.974848265261283,4915.142275166134,0.0,False,identity,robust,,Outliers dominate more than skew; robust centering/scaling is safer than aggressive warping.
train_raw,DEC_16,December 2016,swdown,meteorology_or_target,8000,168.1146748848576,0.0,0.0,exact_zero,0.562,247.9614459693012,0.0,329.31201171875,0.0,0.0,0.0,0.0,0.0,329.31201171875,677.9419494628906,787.9208953857428,933.1721801757812,0.562,0.0,0.438,0.438,1.4749542009888843,1.17690049641347,2.0339614599481446,1.0,-0.11726830437645042,0.0,0.0045,1.1843475476290393,,1850.7375216465634,0.0,False,identity,standardize,,"Moderate skew, but not severe enough to force a nonlinear transform."
train_raw,DEC_16,December 2016,pblh,meteorology_or_target,8000,563.0347357606888,483.4124298095703,99.20365845073353,hist_bin_center,0.1335,401.7780054024454,446.08826976204944,625.2439613342285,68.52562713623047,82.19940704345703,97.38433227539062,218.90298080444336,483.4124298095703,844.1469421386719,1219.6017761230469,1860.0795507812516,2768.1923828125,0.0,0.0,1.0,0.999875,0.7135936379833168,1.0644622926474034,0.5945246246471153,0.15390002826838473,1.5880582651775361,0.0,0.012375,1.4882118249457836,3.847810763810912,2349.006260157316,0.0,True,identity,robust,,Outliers dominate more than skew; robust centering/scaling is safer than aggressive warping.
train_raw,DEC_16,December 2016,psfc,meteorology_or_target,8000,88356.61909277344,98576.00390625,101270.5976118608,hist_bin_center,0.36325,17790.2287181031,4031.554499841526,25943.75,48935.67578125,52542.4092578125,54763.0751953125,75134.041015625,98576.00390625,101077.791015625,101424.86171875,101586.41421875,101872.1484375,0.0,0.0,1.0,0.994,0.20134573844913148,-1.0655278181215133,-1.7233142376203598,-0.8071375873283546,-0.6342566779198027,0.0,0.0,1.0028127207850326,1.0305389769640392,1647.4751107039338,0.0,True,identity,standardize,,"Moderate skew, but not severe enough to force a nonlinear transform."
train_raw,DEC_16,December 2016,rain,meteorology_or_target,8000,0.04062716738626296,0.0,0.0,exact_zero,0.865375,0.7382898985993861,0.0,0.0,0.0,0.0,0.0,0.0,0.0,0.0,0.013788606226444195,0.6490724468231257,53.21986770629883,0.85675,0.0,0.14575,0.1005,18.172320299372387,52.86058071073223,0.16508623833268063,,3511.8742276980493,0.0,0.14575,81.99372499446338,,4109673012.6697445,0.0,False,identity,robust,,Outliers dominate more than skew; robust centering/scaling is safer than aggressive warping.
train_raw,DEC_16,December 2016,PM25,emission,8000,4.128360712904189e-11,7.348865981894603e-13,0.0,exact_zero,1.0,1.2611956862319465e-10,1.0890543562359145e-12,3.7615938528780935e-11,0.0,0.0,3.5568215238968934e-16,1.733643974837179e-14,7.348865981894603e-13,3.7633274968529307e-11,2.0762655483785863e-10,3.739037035543911e-10,6.913331240809839e-09,1.0,0.0,0.974375,0.000125,3.054955160022172,24.423318809223144,0.9645304287076775,0.961848610641892,1157.4373299618685,0.0,0.151375,18.489603539870178,,446790258.97083586,0.0,False,identity_or_log1p,max_clip_or_robust,0.036182313781412026,Highly sparse emission-like field; preserve zeros and avoid over-warping the spatial prior.
train_raw,DEC_16,December 2016,NH3,emission,8000,3.321589689769831e-11,6.8116562737530195e-12,0.0,exact_zero,1.0,5.295379948188447e-11,1.0098596317389073e-11,4.896159165811875e-11,0.0,0.0,1.2792577136726128e-16,2.9013922997509574e-15,6.8116562737530195e-12,4.89644930504185e-11,1.3836115309029394e-10,2.507750973546054e-10,4.2370570940697405e-10,1.0,0.0,0.9765,0.000125,1.5942306072594383,2.52435698183693,1.4958836315217494,0.721873629885386,8.054139970079303,0.0,0.065125,1.6895844678223304,36.81558306470972,30085.33554758108,0.0,False,identity_or_log1p,max_clip_or_robust,0.12590324669345226,Highly sparse emission-like field; preserve zeros and avoid over-warping the spatial prior.
train_raw,DEC_16,December 2016,SO2,emission,8000,3.9174297078060754e-11,5.967430596973827e-13,0.0,exact_zero,1.0,4.854066036692279e-10,8.847236089505723e-13,1.2317280406973788e-11,0.0,0.0,1.7250005882617057e-18,1.494793050392496e-14,5.967430596973827e-13,1.2332228337477713e-11,8.001895569764677e-11,3.85428984839289e-10,2.0660802846350634e-08,0.999125,0.0,0.956875,0.000125,12.390946101776409,29.17928914355505,0.23842416065265193,0.9055318852911626,980.7205526184987,0.0,0.13775,53.6046941435022,,321338032.9563765,0.0,False,identity_or_log1p,max_clip_or_robust,0.06060867253112226,Highly sparse emission-like field; preserve zeros and avoid over-warping the spatial prior.
train_raw,DEC_16,December 2016,NOx,emission,8000,3.829517027864884e-11,2.4950227430972638e-12,0.0,exact_zero,1.0,2.344514569570643e-10,3.640103204813276e-12,2.8556431504666527e-11,0.0,0.0,2.0584193021150423e-14,2.7508119344659895e-13,2.4950227430972638e-12,2.8831512698113126e-11,1.2300713086998954e-10,3.706028242622711e-10,9.916156784584018e-09,1.0,0.0,0.972625,0.000125,6.1222199888684345,24.581896979608413,0.4580924512076,0.8445224817892323,788.0444312549147,0.0,0.121375,26.756830049321145,148.53685213394618,207551042.50774008,0.0,False,identity_or_log1p,max_clip_or_robust,0.04256609260445288,Highly sparse emission-like field; preserve zeros and avoid over-warping the spatial prior.
train_raw,DEC_16,December 2016,NMVOC_e,emission,8000,7.001918708709909e-11,1.3981180037488106e-12,0.0,exact_zero,1.0,1.5884761991377642e-10,2.072852027720673e-12,7.102691790751868e-11,0.0,0.0,5.569053692761853e-17,1.0279050593824893e-14,1.3981180037488106e-12,7.10371969581125e-11,3.750799240642697e-10,6.427434351419246e-10,5.327869700977317e-09,1.0,0.0,0.96175,0.000125,2.268629878781381,7.919918253067514,1.2959791740146616,0.9609207609159661,175.23044333393446,0.0,0.137,8.289263506520088,459.720448072709,10305962.843648314,0.0,False,identity_or_log1p,max_clip_or_robust,0.055008071771435,Highly sparse emission-like field; preserve zeros and avoid over-warping the spatial prior.
train_raw,DEC_16,December 2016,NMVOC_finn,emission,8000,7.156974776169855e-11,0.0,0.0,exact_zero,1.0,1.3310175439884612e-09,0.0,0.0,0.0,0.0,0.0,0.0,0.0,0.0,0.0,5.141790682117205e-10,5.8141175429682335e-08,0.998,0.0,0.012625,0.000125,18.597488263061507,28.355890126631277,0.16131210610621147,,942.7788219665745,0.0,0.012625,113.07573377479825,,296978338.54516643,0.0,False,identity_or_log1p,max_clip_or_robust,0.024168065565171367,Highly sparse emission-like field; preserve zeros and avoid over-warping the spatial prior.
train_raw,DEC_16,December 2016,bio,emission,8000,2.7422753869416002e-11,0.0,0.0,exact_zero,1.0,1.3043549409097933e-10,0.0,5.4046003614041226e-14,0.0,0.0,0.0,0.0,0.0,5.4046003614041226e-14,1.317569144065879e-10,6.878625352646505e-10,2.017700007073131e-09,1.0,0.0,0.287,0.000125,4.756469562178115,8.043848397015383,0.6307198986103087,,79.58318384531988,0.0,0.232625,2.9332895798676324,,2194722.6025750563,0.0,False,identity_or_log1p,max_clip_or_robust,0.044092220031305175,Highly sparse emission-like field; preserve zeros and avoid over-warping the spatial prior.
test_in,TEST_IN,Test Inputs,cpm25,meteorology_or_target,8000,34.24161827103048,16.42473793029785,6.723650122315369,hist_bin_center,0.447125,49.126356585675715,20.14943552696709,39.35283660888672,0.10308413952589035,0.45784033507108685,1.058664119243622,4.901876449584961,16.42473793029785,44.25471305847168,123.17476844787593,238.45244964599624,582.712890625,0.0,0.0,1.0,0.99975,1.4346972796913107,3.481122609958711,1.0880237155177728,0.41438216537047395,18.807044035518445,0.0,0.0735,2.443727843811581,14.517884587134601,133896.49426407224,0.0,True,box_cox,robust,0.09342511162921237,Strictly positive and strongly right-skewed.
test_in,TEST_IN,Test Inputs,q2,meteorology_or_target,8000,0.010701759453957493,0.010804048273712397,0.0,exact_zero,0.0025,0.007098681402192481,0.010166120652195222,0.013725257595069706,0.0,0.000510551348561421,0.0010437955905217677,0.0036472537321969867,0.010804048273712397,0.017372511327266693,0.020955799520015715,0.022934873178601267,0.024857619777321815,0.0025,0.0,0.9975,0.823,0.6633190955873522,0.045653670701823905,-0.04322865640510824,-0.04286487768159993,-1.4793479962706386,0.0,0.0,1.0838350656551488,2.1228036563298858,732.0960213618896,1.0650471868789847e-159,False,identity,standardize,,Distribution is close enough to symmetric for standard scaling.
test_in,TEST_IN,Test Inputs,t2,meteorology_or_target,8000,289.7750708637237,296.95372009277344,300.69135891307485,hist_bin_center,0.188625,15.49164173086287,8.9350447024346,21.509315490722656,230.83937072753906,250.7991667175293,258.2849746704102,279.6721725463867,296.95372009277344,301.1814880371094,305.2024810791015,312.5035140991211,319.92596435546875,0.0,0.0,1.0,0.995875,0.053460919480365944,-0.9590579457464012,-1.3901656171304706,-0.6068895873362918,-0.12982603790909142,0.00425,0.0,1.0237515737310825,1.0523643684325277,1231.60594658844,3.6321749483743185e-268,True,identity,standardize,,"Moderate skew, but not severe enough to force a nonlinear transform."
test_in,TEST_IN,Test Inputs,u10,meteorology_or_target,8000,1.125675272466964,0.7322206497192383,0.5329367464238945,hist_bin_center,0.091625,3.83718798331976,3.706068026500069,5.08883398771286,-16.299259185791016,-6.774179811477661,-4.726177096366882,-1.473186194896698,0.7322206497192383,3.615647792816162,7.728695178031917,10.913465156555176,18.148025512695312,0.0,0.41575,0.58425,0.999875,3.4087876647680138,0.3228488344682474,0.3076116868327051,0.13323686725055042,0.10734681466422602,0.0015,0.008125,1.6629022269608562,14.904612647485182,142.7059144886028,1.0275534017193948e-31,False,identity,robust,,Outliers dominate more than skew; robust centering/scaling is safer than aggressive warping.
test_in,TEST_IN,Test Inputs,v10,meteorology_or_target,8000,0.08669705149801485,-0.16283873468637466,-0.8121927218003702,hist_bin_center,0.118375,3.287032739597115,2.9073807234776554,3.917255252599716,-16.06920623779297,-6.882203879356385,-4.782107996940613,-2.014510214328766,-0.16283873468637466,1.9027450382709503,5.679922318458553,9.682037086486824,20.217744827270508,0.0,0.52125,0.47875,0.99975,37.914008409759816,0.6196289354216412,0.22774563500238326,0.05460769838089291,1.8756909732773472,0.0035,0.019875,2.0881705623177504,59.4578255912778,1682.064773237999,0.0,False,identity,robust,,Outliers dominate more than skew; robust centering/scaling is safer than aggressive warping.
test_in,TEST_IN,Test Inputs,swdown,meteorology_or_target,8000,211.76204195176018,0.0,0.0,exact_zero,0.517125,300.8067708359116,0.0,409.20640563964844,0.0,0.0,0.0,0.0,0.0,409.20640563964844,841.190264892578,994.942858886719,1167.9246826171875,0.517125,0.0,0.482875,0.483,1.420494287188806,1.1857282078828777,2.11194091173508,1.0,0.05915062756264211,0.0,0.00775,1.17386106366352,,1875.0343403354043,0.0,False,identity,standardize,,"Moderate skew, but not severe enough to force a nonlinear transform."
test_in,TEST_IN,Test Inputs,pblh,meteorology_or_target,8000,715.2430724725723,616.4892272949219,120.03709957816383,hist_bin_center,0.130625,565.6847993267158,441.0544103756443,595.3884811401367,65.32428741455078,88.19261962890624,112.0269630432129,306.6331558227539,616.4892272949219,902.0216369628906,1882.9861267089843,2732.7996484375017,4880.0517578125,0.0,0.0,1.0,0.999875,0.7908986764054375,1.8991361417910964,0.5237219311630168,-0.04085343028071474,5.302545896446077,0.0,0.055875,1.7857334549214778,4.432842501447571,14165.126355966662,0.0,True,identity,robust,,Outliers dominate more than skew; robust centering/scaling is safer than aggressive warping.
test_in,TEST_IN,Test Inputs,psfc,meteorology_or_target,8000,88381.98629638672,98166.88671875,101476.20419034091,hist_bin_center,0.23225,17514.68702672266,4502.6223976971005,23608.6640625,49162.109375,52796.830390625,54829.9779296875,77220.1015625,98166.88671875,100828.765625,101408.611328125,101652.54078125,102077.515625,0.0,0.0,1.0,0.997,0.19817032588504638,-1.0914146786815988,-1.676004899334058,-0.7744998277578842,-0.5558142967387041,0.0,0.0,1.0041806613045168,1.0355074320782574,1690.7781720852608,0.0,True,identity,standardize,,"Moderate skew, but not severe enough to force a nonlinear transform."
test_in,TEST_IN,Test Inputs,rain,meteorology_or_target,8000,0.07517516021176249,0.0,0.0,exact_zero,0.73125,0.682781516230546,0.0,4.141591489315033e-06,0.0,0.0,0.0,0.0,0.0,4.141591489315033e-06,0.21426534652709908,1.6089032363891644,38.53961944580078,0.71325,0.0,0.29175,0.208,9.082541551054954,29.75491606710776,0.330304021527052,1.0,1371.2924031663072,0.0,0.238,23.953969744193333,,627210494.5872262,0.0,False,identity,robust,,Outliers dominate more than skew; robust centering/scaling is safer than aggressive warping.
test_in,TEST_IN,Test Inputs,PM25,emission,8000,3.4401893625494857e-11,6.140553560421425e-13,0.0,exact_zero,1.0,2.2195329548501191e-10,9.099157984269773e-13,2.088994065916995e-11,0.0,0.0,3.722658928266257e-16,1.6745445379314676e-14,6.140553560421425e-13,2.0906686104549266e-11,1.2936405557883987e-10,3.824843192168363e-10,1.039756636345146e-08,0.999875,0.0,0.975625,0.000125,6.45177553018549,28.236352413550385,0.4566884874894909,0.9428136326083215,1026.1231990003012,0.0,0.13775,27.18429446922481,,351599910.8129935,0.0,False,identity_or_log1p,max_clip_or_robust,0.035860391772329164,Highly sparse emission-like field; preserve zeros and avoid over-warping the spatial prior.
test_in,TEST_IN,Test Inputs,NH3,emission,8000,3.0157477805336853e-11,7.109103453487031e-12,0.0,exact_zero,1.0,4.6583949112133134e-11,1.0539489210620158e-11,4.5452201791382e-11,0.0,0.0,1.3083423435394883e-16,3.3698070252967426e-15,7.109103453487031e-12,4.5455571598407296e-11,1.273872389517816e-10,1.9489091285240835e-10,5.244230050216458e-10,1.0,0.0,0.976,0.000125,1.5446898249524486,2.5599719451463936,1.484312179912203,0.6873315981885383,10.210618338014479,0.0,0.06525,2.690854064698201,27.414274405700752,43438.38707824461,0.0,False,identity_or_log1p,max_clip_or_robust,0.13107197856479386,Highly sparse emission-like field; preserve zeros and avoid over-warping the spatial prior.
test_in,TEST_IN,Test Inputs,SO2,emission,8000,3.3761217821189434e-11,5.399331426837045e-13,0.0,exact_zero,1.0,4.632156472942609e-10,8.004968410832045e-13,9.402875056621418e-12,0.0,0.0,1.5463389282610575e-18,1.4453622404698085e-14,5.399331426837045e-13,9.417328679026116e-12,6.609075231533978e-11,3.610669357945198e-10,2.6144874709643773e-08,0.999375,0.0,0.956125,0.000125,13.72034770035856,36.42056274728727,0.21515649269983542,0.8882300323858991,1643.3313635724562,0.0,0.137125,72.41004954417261,,900821773.3560437,0.0,False,identity_or_log1p,max_clip_or_robust,0.060379869894683795,Highly sparse emission-like field; preserve zeros and avoid over-warping the spatial prior.
test_in,TEST_IN,Test Inputs,NOx,emission,8000,4.165485639174231e-11,2.557143949713514e-12,0.0,exact_zero,1.0,2.9008632817516803e-10,3.7250483025256886e-12,2.7755748057984447e-11,0.0,0.0,2.1823236373932394e-14,2.669953559457372e-13,2.557143949713514e-12,2.8022743413930185e-11,1.2590048240057587e-10,4.506512243929179e-10,1.4033966877491366e-08,0.99975,0.0,0.975125,0.000125,6.964045811298846,29.386772701984267,0.4043387293152926,0.8349784276047301,1129.3678897484401,0.0,0.124875,31.14152612454749,176.23224709090232,425776536.395627,0.0,False,identity_or_log1p,max_clip_or_robust,0.045386131042764864,Highly sparse emission-like field; preserve zeros and avoid over-warping the spatial prior.
test_in,TEST_IN,Test Inputs,NMVOC_e,emission,8000,5.2835362920600446e-11,1.567892300366469e-12,0.0,exact_zero,1.0,1.989792098604864e-10,2.3245443767373465e-12,5.2169802141296577e-11,0.0,0.0,3.4017547754178546e-17,1.143982496825866e-14,1.567892300366469e-12,5.2181241966264835e-11,2.449439595597622e-10,5.397263569406622e-10,1.0310439613192557e-08,0.999875,0.0,0.960375,0.000125,3.766023338564116,33.905530944767094,0.772957194716674,0.9403312870084223,1649.1919638055629,0.0,0.12475,19.103087111838214,344.23688209611726,907010047.2214593,0.0,False,identity_or_log1p,max_clip_or_robust,0.06482756681722403,Highly sparse emission-like field; preserve zeros and avoid over-warping the spatial prior.
test_in,TEST_IN,Test Inputs,NMVOC_finn,emission,8000,1.3127612052922165e-10,0.0,0.0,exact_zero,1.0,2.5243708452832787e-09,0.0,0.0,0.0,0.0,0.0,0.0,0.0,0.0,0.0,3.396692657697834e-10,1.2076313282705087e-07,0.997,0.0,0.01225,0.000125,19.229474752198833,28.773338340960688,0.15601050151705048,,1017.0253249413757,0.0,0.01225,355.53152727365136,,345452356.6233705,0.0,False,identity_or_log1p,max_clip_or_robust,-0.04005409143353382,Highly sparse emission-like field; preserve zeros and avoid over-warping the spatial prior.
test_in,TEST_IN,Test Inputs,bio,emission,8000,4.555305030050207e-11,0.0,0.0,exact_zero,1.0,1.901485629700757e-10,0.0,6.265572641880185e-13,0.0,0.0,0.0,0.0,0.0,6.265572641880185e-13,2.510873176042589e-10,9.057446526128399e-10,3.6688698745734882e-09,1.0,0.0,0.34325,0.000125,4.174222400381823,8.172931285128676,0.7186967325280955,,89.50557449500404,0.0,0.233375,4.050666889381841,,2756063.853816915,0.0,False,identity_or_log1p,max_clip_or_robust,0.0752117805542102,Highly sparse emission-like field; preserve zeros and avoid over-warping the spatial prior.
train_all,TRAIN_ALL,Train Aggregate,cpm25,meteorology_or_target,16000,34.47565819167602,16.213092803955078,9.367962002665514,hist_bin_center,0.539875,54.29109520731083,18.59826598164367,33.57483947277069,0.05211663618683815,0.7428390902280807,1.5398936092853546,5.8087722063064575,16.213092803955078,39.38361167907715,130.57243881225583,262.40788085937504,1173.8486328125,0.0,0.0,1.0,0.999875,1.5747660249288338,4.695939803425816,1.0091470056729508,0.380231103943978,40.20094407965678,0.0,0.0911875,4.473374156935355,16.184936707163136,1135511.2022483055,0.0,True,box_cox,robust,0.04091710110094498,Strictly positive and strongly right-skewed.
train_all,TRAIN_ALL,Train Aggregate,q2,meteorology_or_target,16000,0.011503783496282494,0.012859620153903961,0.0,exact_zero,0.0009375,0.007028219519018454,0.009275687143094359,0.013688290608115494,0.0,0.0006932666746433825,0.0011784584959968925,0.004422644502483308,0.012859620153903961,0.018110935110598803,0.02066773260012269,0.022323979716748002,0.02467053011059761,0.0009375,0.0,0.9990625,0.6735,0.6109485215268228,-0.14748737710478138,-0.5787397450887334,-0.2327288911324765,-1.52003319350294,0.0,0.0,1.105113444091206,1.7359750482187317,1598.1271518965636,0.0,False,identity,standardize,,Distribution is close enough to symmetric for standard scaling.
train_all,TRAIN_ALL,Train Aggregate,t2,meteorology_or_target,16000,291.59589012527465,298.5109100341797,302.11375645228793,hist_bin_center,0.1544375,14.079069793166088,6.357322119649532,18.782875061035156,238.1151123046875,255.4971109008789,262.95794372558595,282.7562713623047,298.5109100341797,301.53914642333984,305.6831085205078,312.02039825439454,319.56793212890625,0.0,0.0,1.0,0.986625,0.04828281285829329,-1.005378986116203,-1.4734680651121328,-0.6775534757783492,-0.07575498732120689,0.00725,0.0,1.0241892322320483,1.045256262890586,2698.7878108486802,0.0,True,identity,standardize,,"Moderate skew, but not severe enough to force a nonlinear transform."
train_all,TRAIN_ALL,Train Aggregate,u10,meteorology_or_target,16000,1.5610254590930708,1.2863932251930237,0.5751154687669526,hist_bin_center,0.0648125,3.558071783781139,3.439146771317474,4.691062748432159,-13.649800300598145,-6.282464346885681,-3.8312849044799804,-0.8424155116081238,1.2863932251930237,3.8486472368240356,7.748416113853453,10.641004791259768,18.938188552856445,0.0,0.3479375,0.6520625,0.9994375,2.2793169471100865,0.2792389696756389,0.23155707691332517,0.09239809784568113,0.2805352337629361,0.0025625,0.0084375,1.7797368692486408,8.27196893054461,260.186526060179,3.171127714644068e-57,False,identity,robust,,Outliers dominate more than skew; robust centering/scaling is safer than aggressive warping.
train_all,TRAIN_ALL,Train Aggregate,v10,meteorology_or_target,16000,0.09415227600644198,-0.03693228028714657,-0.09060567522805751,hist_bin_center,0.096125,2.990143942374315,2.7977907077236748,3.7845421731472015,-16.293216705322266,-6.535923624038696,-4.588734531402588,-1.8207232356071472,-0.03693228028714657,1.9638189375400543,5.195413017272947,7.3774709224700965,22.226198196411133,0.0,0.5065625,0.4934375,0.999,31.758594366531582,0.2455338068727132,0.13151663480404352,0.05732800761122909,0.9990174526512572,0.00525,0.0089375,3.0127124091692714,199.75671323597248,825.1770638900888,6.532467830594634e-180,False,identity,robust,,Outliers dominate more than skew; robust centering/scaling is safer than aggressive warping.
train_all,TRAIN_ALL,Train Aggregate,swdown,meteorology_or_target,16000,220.1335971092249,0.13103120774030685,0.0,exact_zero,0.4995,309.75361324600397,0.19426715928924734,419.7552490234375,0.0,0.0,0.0,0.0,0.13103120774030685,419.7552490234375,872.4086608886716,1030.983486328125,1159.5670166015625,0.4995,0.0,0.5005,0.5005,1.4071164843243433,1.1806734806559294,2.130750601382915,0.9993756780502678,0.031363347175476175,0.0,0.007625,1.1247192918010656,7868.228524394357,3717.249115269144,0.0,False,identity,standardize,,"Moderate skew, but not severe enough to force a nonlinear transform."
train_all,TRAIN_ALL,Train Aggregate,pblh,meteorology_or_target,16000,760.7077975873947,634.4748840332031,112.85491380237397,hist_bin_center,0.0960625,638.1437422932717,435.6741859186455,588.9341659545898,71.89928436279297,89.23438453674316,116.65906867980958,328.5033493041992,634.4748840332031,917.4375152587891,2146.6717285156246,3184.2051196289067,5232.30859375,0.0,0.0,1.0,0.999875,0.8388815578296447,2.0900945809733305,0.5934379914181406,-0.03906871910907625,5.7434356996309095,0.0,0.0728125,1.6432071418689833,5.018646442531635,33621.894038236744,0.0,True,identity,robust,,Outliers dominate more than skew; robust centering/scaling is safer than aggressive warping.
train_all,TRAIN_ALL,Train Aggregate,psfc,meteorology_or_target,16000,88011.85176367188,97966.41796875,100611.75623139882,hist_bin_center,0.2224375,17670.664063714696,4597.526313926208,26822.376953125,48935.67578125,52725.7734765625,54783.3302734375,74021.09765625,97966.41796875,100843.474609375,101223.0375,101454.68203125,101872.1484375,0.0,0.0,1.0,0.99125,0.2007759603918311,-1.0456918445519983,-1.6900156387759704,-0.7854734018798583,-0.6696297689690249,0.0,0.0,1.004114806708688,1.0356067327439973,3214.4611109752536,0.0,True,identity,standardize,,"Moderate skew, but not severe enough to force a nonlinear transform."
train_all,TRAIN_ALL,Train Aggregate,rain,meteorology_or_target,16000,0.08604649360971883,0.0,0.0,exact_zero,0.7200625,0.7378519183373253,0.0,1.239776611328125e-05,0.0,0.0,0.0,0.0,0.0,1.239776611328125e-05,0.2811656832695004,1.9324175643920936,55.37728500366211,0.705375,0.0,0.2999375,0.195625,8.57503760332177,35.165049181877414,0.3498526932217615,1.0,2142.859074344437,0.0,0.234625,28.65699734057369,,3062613065.063195,0.0,False,identity,robust,,Outliers dominate more than skew; robust centering/scaling is safer than aggressive warping.
train_all,TRAIN_ALL,Train Aggregate,PM25,emission,16000,3.3754702873380214e-11,5.964870795644589e-13,0.0,exact_zero,1.0,2.931415181436749e-10,8.840192809514906e-13,1.9291836317760597e-11,0.0,0.0,3.3250707022548217e-16,1.6076155943294586e-14,5.964870795644589e-13,1.9307912473703892e-11,1.1539365331325589e-10,3.3154928413825505e-10,2.2255916221070038e-08,0.999875,0.0,0.974625,6.25e-05,8.68446448020295,41.76848831240236,0.33934001574179135,0.9398283383643659,2478.7550646384702,0.0,0.13075,67.12702239402027,,4098241816.2554455,0.0,False,identity_or_log1p,max_clip_or_robust,0.03951171912816526,Highly sparse emission-like field; preserve zeros and avoid over-warping the spatial prior.
train_all,TRAIN_ALL,Train Aggregate,NH3,emission,16000,3.087957954001542e-11,6.858436128048817e-12,0.0,exact_zero,1.0,7.247390556710653e-11,1.01679119438255e-11,4.5534872919865184e-11,0.0,0.0,1.3717490594490176e-16,3.1318707587922406e-15,6.858436128048817e-12,4.5538004790623976e-11,1.2287018208434474e-10,1.9743670753857857e-10,4.021894373096302e-09,1.0,0.0,0.9769375,6.25e-05,2.3469848568757534,26.366540407370547,0.9943362327724058,0.6988987201367896,1256.382188447611,0.0,0.0613125,20.370550254999745,28.787423816797737,1053526132.1723354,0.0,False,identity_or_log1p,max_clip_or_robust,0.12916046118471708,Highly sparse emission-like field; preserve zeros and avoid over-warping the spatial prior.
train_all,TRAIN_ALL,Train Aggregate,SO2,emission,16000,4.2499142476038505e-11,5.102371975450326e-13,0.0,exact_zero,1.0,6.36055506749097e-10,7.56450805195733e-13,8.660523391261106e-12,0.0,0.0,4.522982044293696e-18,1.3270063055741414e-14,5.102371975450326e-13,8.673793454316847e-12,6.29048150374567e-11,3.6193919028537747e-10,4.257057284462462e-08,0.9994375,0.0,0.9571875,6.25e-05,14.966313899338374,37.244508025980096,0.19804358974785222,0.8852339259332166,1819.5494399334002,0.0,0.139125,117.61802531264738,,2209491768.3913035,0.0,False,identity_or_log1p,max_clip_or_robust,0.0529708198080993,Highly sparse emission-like field; preserve zeros and avoid over-warping the spatial prior.
train_all,TRAIN_ALL,Train Aggregate,NOx,emission,16000,4.131830559330355e-11,2.4474385192096992e-12,0.0,exact_zero,1.0,3.599078362295269e-10,3.5705183568680377e-12,2.5680906457371117e-11,0.0,0.0,2.0005288522756057e-14,2.752153431366533e-13,2.4474385192096992e-12,2.595612180050777e-11,1.180081372897933e-10,4.742714276861917e-10,2.3445927865850535e-08,0.9998125,0.0,0.974625,6.25e-05,8.710614606806557,41.14410207572723,0.32400684142901864,0.8308297115852342,2276.9460960753186,0.0,0.1233125,49.43567437792998,193.78277491495,3458674922.549479,0.0,False,identity_or_log1p,max_clip_or_robust,0.05103895950287248,Highly sparse emission-like field; preserve zeros and avoid over-warping the spatial prior.
train_all,TRAIN_ALL,Train Aggregate,NMVOC_e,emission,16000,4.927420345032113e-11,1.3438471255927675e-12,0.0,exact_zero,1.0,1.674904634925163e-10,1.9923906367317844e-12,4.835879959092616e-11,0.0,0.0,5.972036896607477e-17,1.055060088638515e-14,1.3438471255927675e-12,4.8369350191812543e-11,2.2820001305268176e-10,4.869226755133129e-10,8.114545479998014e-09,1.0,0.0,0.961875,6.25e-05,3.399151112841069,25.5244450999956,0.8585030214607403,0.9448581628996202,1048.6585916052866,0.0,0.128125,16.66495706211192,362.33487145982656,734401613.7393844,0.0,False,identity_or_log1p,max_clip_or_robust,0.06341060707725316,Highly sparse emission-like field; preserve zeros and avoid over-warping the spatial prior.
train_all,TRAIN_ALL,Train Aggregate,NMVOC_finn,emission,16000,4.850885090463306e-10,0.0,0.0,exact_zero,0.9998125,1.3046031279092907e-08,0.0,0.0,0.0,0.0,0.0,0.0,0.0,0.0,0.0,1.192344446510063e-09,9.908144420478493e-07,0.9950625,0.0,0.0170625,0.000125,26.8941255787341,48.69319394431035,0.11154852353229806,,2888.435990587718,0.0,0.0170625,830.9800451940857,,5564886328.88414,0.0,False,identity_or_log1p,max_clip_or_robust,-0.02113337750132222,Highly sparse emission-like field; preserve zeros and avoid over-warping the spatial prior.
train_all,TRAIN_ALL,Train Aggregate,bio,emission,16000,5.0236836674511145e-11,0.0,0.0,exact_zero,1.0,2.076159013309996e-10,0.0,1.331880081483633e-12,0.0,0.0,0.0,0.0,0.0,1.331880081483633e-12,2.719619168756174e-10,9.79524340527506e-10,4.283742693900194e-09,1.0,0.0,0.364625,6.25e-05,4.132742327630244,8.09448845496895,0.7259102460714579,1.0,89.6790656479225,0.0,0.2291875,4.3732886633457815,,5532850.787456071,0.0,False,identity_or_log1p,max_clip_or_robust,0.06602094411466834,Highly sparse emission-like field; preserve zeros and avoid over-warping the spatial prior.
